id,key,title,since,web,country_id,national,continental,intercontinental,created_at,updated_at
1,fifa,"Fédération Internationale de Football Association (FIFA)",1904,www.fifa.com,,f,f,f,"2017-12-28 04:32:20.871300","2017-12-28 04:32:20.871300"
2,uefa,"Union of European Football Associations (UEFA)",1954,www.uefa.com,,f,f,f,"2017-12-28 04:32:20.874137","2017-12-28 04:32:20.874137"
3,conmebol,"Confederación Sudamericana de Fútbol (CONMEBOL)",1916,www.conmebol.com,,f,f,f,"2017-12-28 04:32:20.883672","2017-12-28 04:32:20.883672"
4,concacaf,"Confederation of North, Central American and Caribbean Association Football (CONCACAF)",1961,www.concacaf.com,,f,f,f,"2017-12-28 04:32:20.888051","2017-12-28 04:32:20.888051"
5,caf,"Confédération Africaine de Football (CAF)",1957,www.cafonline.com,,f,f,f,"2017-12-28 04:32:20.893486","2017-12-28 04:32:20.893486"
6,afc,"Asian Football Confederation (AFC)",1954,www.the-afc.com,,f,f,f,"2017-12-28 04:32:20.898882","2017-12-28 04:32:20.898882"
7,ofc,"Oceania Football Confederation (OFC)",1966,www.oceaniafootball.com,,f,f,f,"2017-12-28 04:32:20.902968","2017-12-28 04:32:20.902968"
8,nafu,"North American Football Union (NAFU) / North American Zone",,,,f,f,f,"2017-12-28 04:32:20.905951","2017-12-28 04:32:20.905951"
9,uncaf,"Unión Centroamericana de Fútbol (UNCAF) / Central American Zone",,www.uncafut.com,,f,f,f,"2017-12-28 04:32:20.908922","2017-12-28 04:32:20.908922"
10,cfu,"Caribbean Football Union (CFU) / Caribbean Zone",,www.cfufootball.org,,f,f,f,"2017-12-28 04:32:20.912404","2017-12-28 04:32:20.912404"
11,cecafa,"Council for East and Central Africa Football Associations (CECAFA)",,www.cecafafootball.org,,f,f,f,"2017-12-28 04:32:20.916558","2017-12-28 04:32:20.916558"
12,cosafa,"Council of Southern Africa Football Associations (COSAFA)",,www.cosafa.com,,f,f,f,"2017-12-28 04:32:20.920613","2017-12-28 04:32:20.920613"
13,wafu,"West African Football Union (WAFU)",,,,f,f,f,"2017-12-28 04:32:20.925924","2017-12-28 04:32:20.925924"
14,unaf,"Union of North African Federations (UNAF)",,,,f,f,f,"2017-12-28 04:32:20.930011","2017-12-28 04:32:20.930011"
15,uniffac,"Union des Fédérations du Football de l'Afrique Centrale (UNIFFAC)",,,,f,f,f,"2017-12-28 04:32:20.935115","2017-12-28 04:32:20.935115"
16,waff,"West Asian Football Federation (WAFF)",2001,www.the-waff.com,,f,f,f,"2017-12-28 04:32:20.939218","2017-12-28 04:32:20.939218"
17,eaff,"East Asian Football Federation (EAFF)",2002,www.eaff.com,,f,f,f,"2017-12-28 04:32:20.943541","2017-12-28 04:32:20.943541"
18,csaff,"Central and South Asian Football Federation (CSAFF)",,,,f,f,f,"2017-12-28 04:32:20.948290","2017-12-28 04:32:20.948290"
19,aff,"Association of South East Asian Nations Football Federation (AFF)",1984,www.aseanfootball.org,,f,f,f,"2017-12-28 04:32:20.952401","2017-12-28 04:32:20.952401"
20,uafa,"Union of Arab Football Associations (UAFA)",1974,www.uafaonline.com,,f,f,f,"2017-12-28 04:32:20.958007","2017-12-28 04:32:20.958007"
21,alg,"Fédération Algérienne de Football",1962,www.faf.dz,27,t,f,f,"2017-12-28 04:32:20.961051","2017-12-28 04:32:20.961051"
22,egy,"Egyptian Football Association",1921,www.efa.com.eg,28,t,f,f,"2017-12-28 04:32:20.970313","2017-12-28 04:32:20.970313"
23,mar,"Fédération Royale Marocaine de Football",1955,www.frmf.ma,29,t,f,f,"2017-12-28 04:32:20.978496","2017-12-28 04:32:20.978496"
24,lby,"Libyan Football Federation",1962,,30,t,f,f,"2017-12-28 04:32:20.985875","2017-12-28 04:32:20.985875"
25,tun,"Fédération Tunisienne de Football",1957,www.ftf.org.tn,31,t,f,f,"2017-12-28 04:32:20.994999","2017-12-28 04:32:20.994999"
26,cpv,"Federação Caboverdiana de Futebol",1982,www.fcf.cv,41,t,f,f,"2017-12-28 04:32:21.003821","2017-12-28 04:32:21.003821"
27,gam,"Gambia Football Federation",1952,www.gambiafa.com,43,t,f,f,"2017-12-28 04:32:21.010145","2017-12-28 04:32:21.010145"
28,gui,"Fédération Guinéenne de Football",1960,,45,t,f,f,"2017-12-28 04:32:21.018149","2017-12-28 04:32:21.018149"
29,gnb,"Federação de Futebol da Guiné-Bissau",1974,,46,t,f,f,"2017-12-28 04:32:21.025850","2017-12-28 04:32:21.025850"
30,lbr,"Liberia Football Association",1936,www.lfa.com.lr,47,t,f,f,"2017-12-28 04:32:21.033295","2017-12-28 04:32:21.033295"
31,mli,"Fédération Malienne de Football",1960,,48,t,f,f,"2017-12-28 04:32:21.039335","2017-12-28 04:32:21.039335"
32,mtn,"Fédération de Foot-Ball de la Rép. Islamique de Mauritanie",1961,www.ffrim.org,49,t,f,f,"2017-12-28 04:32:21.045903","2017-12-28 04:32:21.045903"
33,sen,"Fédération Sénégalaise de Football",1960,www.senegalfoot.sn,52,t,f,f,"2017-12-28 04:32:21.054621","2017-12-28 04:32:21.054621"
34,sle,"Sierra Leone Football Association",1960,,53,t,f,f,"2017-12-28 04:32:21.060790","2017-12-28 04:32:21.060790"
35,ben,"Fédération Béninoise de Football",1962,www.febefoot.net,39,t,f,f,"2017-12-28 04:32:21.068348","2017-12-28 04:32:21.068348"
36,bfa,"Fédération Burkinabé de Foot-Ball",1960,www.fasofoot.org,40,t,f,f,"2017-12-28 04:32:21.074527","2017-12-28 04:32:21.074527"
37,civ,"Fédération Ivoirienne de Football",1960,www.fif-ci.com,42,t,f,f,"2017-12-28 04:32:21.081532","2017-12-28 04:32:21.081532"
38,gha,"Ghana Football Association",1957,www.ghanafa.org,44,t,f,f,"2017-12-28 04:32:21.090453","2017-12-28 04:32:21.090453"
39,nig,"Fédération Nigerienne de Football",1961,www.fenifoot.net,50,t,f,f,"2017-12-28 04:32:21.101235","2017-12-28 04:32:21.101235"
40,nga,"Nigeria Football Federation",1945,www.nigeriafootballng.com,51,t,f,f,"2017-12-28 04:32:21.107281","2017-12-28 04:32:21.107281"
41,tog,"Fédération Togolaise de Football",1960,,54,t,f,f,"2017-12-28 04:32:21.114065","2017-12-28 04:32:21.114065"
42,cmr,"Fédération Camerounaise de Football",,,19,t,f,f,"2017-12-28 04:32:21.121777","2017-12-28 04:32:21.121777"
43,cta,"Fédération Centrafricaine de Football",,,20,t,f,f,"2017-12-28 04:32:21.127612","2017-12-28 04:32:21.127612"
44,cha,"Fédération Tchadienne de Football",,,21,t,f,f,"2017-12-28 04:32:21.135341","2017-12-28 04:32:21.135341"
45,cgo,"Fédération Congolaise de Football",,,22,t,f,f,"2017-12-28 04:32:21.141316","2017-12-28 04:32:21.141316"
46,cod,"Fédération Congolaise de Football-Association",,,23,t,f,f,"2017-12-28 04:32:21.147932","2017-12-28 04:32:21.147932"
47,eqg,"Federación Ecuatoguineana de Fútbol",,,24,t,f,f,"2017-12-28 04:32:21.155939","2017-12-28 04:32:21.155939"
48,gab,"Fédération Gabonaise de Football",,,25,t,f,f,"2017-12-28 04:32:21.162060","2017-12-28 04:32:21.162060"
49,stp,"Federação Santomense de Futebol",,,26,t,f,f,"2017-12-28 04:32:21.169454","2017-12-28 04:32:21.169454"
50,bdi,"Fédération de Football du Burundi",,,1,t,f,f,"2017-12-28 04:32:21.175393","2017-12-28 04:32:21.175393"
51,dji,"Fédération Djiboutienne de Football",,,3,t,f,f,"2017-12-28 04:32:21.182217","2017-12-28 04:32:21.182217"
52,eri,"Eritrean National Football Federation",,,4,t,f,f,"2017-12-28 04:32:21.191232","2017-12-28 04:32:21.191232"
53,eth,"Ethiopian Football Federation",,,5,t,f,f,"2017-12-28 04:32:21.198087","2017-12-28 04:32:21.198087"
54,ken,"Football Kenya Federation",,,6,t,f,f,"2017-12-28 04:32:21.204259","2017-12-28 04:32:21.204259"
55,rwa,"Fédération Rwandaise de Football Association",,,11,t,f,f,"2017-12-28 04:32:21.210872","2017-12-28 04:32:21.210872"
56,som,"Somali Football Federation",,,13,t,f,f,"2017-12-28 04:32:21.218611","2017-12-28 04:32:21.218611"
57,ssd,"South Sudan Football Association",,,32,t,f,f,"2017-12-28 04:32:21.226288","2017-12-28 04:32:21.226288"
58,sdn,"Sudan Football Association",,,33,t,f,f,"2017-12-28 04:32:21.233685","2017-12-28 04:32:21.233685"
59,tan,"Tanzania Football Federation",,,14,t,f,f,"2017-12-28 04:32:21.241066","2017-12-28 04:32:21.241066"
60,uga,"Federation of Uganda Football Associations",,,15,t,f,f,"2017-12-28 04:32:21.247677","2017-12-28 04:32:21.247677"
61,zan,"Zanzibar Football Association",,,14,t,f,f,"2017-12-28 04:32:21.254889","2017-12-28 04:32:21.254889"
62,ang,"Federação Angolana de Futebol",,,18,t,f,f,"2017-12-28 04:32:21.259556","2017-12-28 04:32:21.259556"
63,bot,"Botswana Football Association",,,35,t,f,f,"2017-12-28 04:32:21.266968","2017-12-28 04:32:21.266968"
64,com,"Fédération Comorienne de Football",,,2,t,f,f,"2017-12-28 04:32:21.273880","2017-12-28 04:32:21.273880"
65,les,"Lesotho Football Association",,,36,t,f,f,"2017-12-28 04:32:21.282809","2017-12-28 04:32:21.282809"
66,mri,"Mauritius Football Association",,,9,t,f,f,"2017-12-28 04:32:21.289110","2017-12-28 04:32:21.289110"
67,mad,"Fédération Malagasy de Football",,,7,t,f,f,"2017-12-28 04:32:21.295096","2017-12-28 04:32:21.295096"
68,mwi,"Football Association of Malawi",,,8,t,f,f,"2017-12-28 04:32:21.302407","2017-12-28 04:32:21.302407"
69,moz,"Federação Moçambicana de Futebol",,,10,t,f,f,"2017-12-28 04:32:21.308406","2017-12-28 04:32:21.308406"
70,nam,"Namibia Football Association",,,37,t,f,f,"2017-12-28 04:32:21.316413","2017-12-28 04:32:21.316413"
71,sey,"Seychelles Football Federation",,,12,t,f,f,"2017-12-28 04:32:21.322669","2017-12-28 04:32:21.322669"
72,rsa,"South African Football Association",,,34,t,f,f,"2017-12-28 04:32:21.328807","2017-12-28 04:32:21.328807"
73,swz,"National Football Association of Swaziland",,,38,t,f,f,"2017-12-28 04:32:21.337446","2017-12-28 04:32:21.337446"
74,zam,"Football Association of Zambia",,,16,t,f,f,"2017-12-28 04:32:21.343610","2017-12-28 04:32:21.343610"
75,zim,"Zimbabwe Football Association",,,17,t,f,f,"2017-12-28 04:32:21.351421","2017-12-28 04:32:21.351421"
76,reu,"Ligue Réunionnaise de Football",,,200,t,f,f,"2017-12-28 04:32:21.357365","2017-12-28 04:32:21.357365"
77,kaz,"Football Federation of Kazakhstan",1914,www.kff.kz,56,t,f,f,"2017-12-28 04:32:21.361117","2017-12-28 04:32:21.361117"
78,afg,"Afghanistan Football Federation",1922,www.aff.org.af,74,t,f,f,"2017-12-28 04:32:21.367407","2017-12-28 04:32:21.367407"
79,ban,"Bangladesh Football Federation",1972,www.bff.com.bd,69,t,f,f,"2017-12-28 04:32:21.373705","2017-12-28 04:32:21.373705"
80,bhu,"Bhutan Football Federation",1983,,72,t,f,f,"2017-12-28 04:32:21.381915","2017-12-28 04:32:21.381915"
81,ind,"All India Football Federation",1937,www.the-aiff.com,68,t,f,f,"2017-12-28 04:32:21.388385","2017-12-28 04:32:21.388385"
82,kgz,"Football Federation of Kyrgyz Republic",,,57,t,f,f,"2017-12-28 04:32:21.394357","2017-12-28 04:32:21.394357"
83,mdv,"Football Association of Maldives",,,73,t,f,f,"2017-12-28 04:32:21.401811","2017-12-28 04:32:21.401811"
84,nep,"All Nepal Football Association",,,70,t,f,f,"2017-12-28 04:32:21.407869","2017-12-28 04:32:21.407869"
85,pak,"Pakistan Football Federation",,,67,t,f,f,"2017-12-28 04:32:21.416027","2017-12-28 04:32:21.416027"
86,sri,"Football Federation of Sri Lanka",,,71,t,f,f,"2017-12-28 04:32:21.422068","2017-12-28 04:32:21.422068"
87,tjk,"Tajikistan Football Federation",,,58,t,f,f,"2017-12-28 04:32:21.428179","2017-12-28 04:32:21.428179"
88,tkm,"Football Federation of Turkmenistan",,,59,t,f,f,"2017-12-28 04:32:21.435635","2017-12-28 04:32:21.435635"
89,uzb,"Uzbekistan Football Federation",,,60,t,f,f,"2017-12-28 04:32:21.441470","2017-12-28 04:32:21.441470"
90,chn,"Football Association of the People's Republic of China",,,64,t,f,f,"2017-12-28 04:32:21.449676","2017-12-28 04:32:21.449676"
91,hkg,"Hong Kong Football Association",,,206,t,f,f,"2017-12-28 04:32:21.458757","2017-12-28 04:32:21.458757"
92,jpn,"Japan Football Association",,,61,t,f,f,"2017-12-28 04:32:21.466199","2017-12-28 04:32:21.466199"
93,prk,"DPR Korea Football Association",,,62,t,f,f,"2017-12-28 04:32:21.471967","2017-12-28 04:32:21.471967"
94,kor,"Korea Football Association",,,63,t,f,f,"2017-12-28 04:32:21.479653","2017-12-28 04:32:21.479653"
95,mac,"Associação de Futebol de Macau",,,207,t,f,f,"2017-12-28 04:32:21.488606","2017-12-28 04:32:21.488606"
96,mgl,"Mongolian Football Federation",,,66,t,f,f,"2017-12-28 04:32:21.495340","2017-12-28 04:32:21.495340"
97,tpe,"Chinese Taipei Football Association",,,65,t,f,f,"2017-12-28 04:32:21.501274","2017-12-28 04:32:21.501274"
98,bru,"Football Association of Brunei Darussalam",,,81,t,f,f,"2017-12-28 04:32:21.507829","2017-12-28 04:32:21.507829"
99,cam,"Football Federation of Cambodia",,,83,t,f,f,"2017-12-28 04:32:21.516957","2017-12-28 04:32:21.516957"
100,idn,"Football Association of Indonesia",,,75,t,f,f,"2017-12-28 04:32:21.523804","2017-12-28 04:32:21.523804"
101,lao,"Lao Football Federation",,,85,t,f,f,"2017-12-28 04:32:21.530651","2017-12-28 04:32:21.530651"
102,mas,"Football Association of Malaysia",,,76,t,f,f,"2017-12-28 04:32:21.536661","2017-12-28 04:32:21.536661"
103,mya,"Myanmar Football Federation",,,82,t,f,f,"2017-12-28 04:32:21.542520","2017-12-28 04:32:21.542520"
104,phi,"Philippine Football Federation",,,79,t,f,f,"2017-12-28 04:32:21.551037","2017-12-28 04:32:21.551037"
105,sin,"Football Association of Singapore",,,77,t,f,f,"2017-12-28 04:32:21.557253","2017-12-28 04:32:21.557253"
106,tha,"Football Association of Thailand",,,78,t,f,f,"2017-12-28 04:32:21.564135","2017-12-28 04:32:21.564135"
107,tls,"Federação de Futebol de Timor-Leste",,,84,t,f,f,"2017-12-28 04:32:21.570195","2017-12-28 04:32:21.570195"
108,vie,"Vietnam Football Federation",,,80,t,f,f,"2017-12-28 04:32:21.577459","2017-12-28 04:32:21.577459"
109,aia,"Anguilla Football Association",,,220,t,f,f,"2017-12-28 04:32:21.585596","2017-12-28 04:32:21.585596"
110,atg,"Antigua and Barbuda Football Association",,,90,t,f,f,"2017-12-28 04:32:21.591299","2017-12-28 04:32:21.591299"
111,abw,"Arubaanse Voetbal Bond",,,217,t,f,f,"2017-12-28 04:32:21.597887","2017-12-28 04:32:21.597887"
112,bah,"Bahamas Football Association",,,91,t,f,f,"2017-12-28 04:32:21.603933","2017-12-28 04:32:21.603933"
113,brb,"Barbados Football Association",,,92,t,f,f,"2017-12-28 04:32:21.611389","2017-12-28 04:32:21.611389"
114,bmu,"Bermuda Football Association",,,237,t,f,f,"2017-12-28 04:32:21.618912","2017-12-28 04:32:21.618912"
115,vgb,"British Virgin Islands Football Association",,,224,t,f,f,"2017-12-28 04:32:21.625125","2017-12-28 04:32:21.625125"
116,cym,"Cayman Islands Football Association",,,221,t,f,f,"2017-12-28 04:32:21.631718","2017-12-28 04:32:21.631718"
117,cub,"Asociación de Fútbol de Cuba",,,86,t,f,f,"2017-12-28 04:32:21.637590","2017-12-28 04:32:21.637590"
118,cuw,"Curaçao Football Federation",,,218,t,f,f,"2017-12-28 04:32:21.645006","2017-12-28 04:32:21.645006"
119,dma,"Dominica Football Association",,,93,t,f,f,"2017-12-28 04:32:21.652416","2017-12-28 04:32:21.652416"
120,dom,"Federación Dominicana de Fútbol",,,88,t,f,f,"2017-12-28 04:32:21.658313","2017-12-28 04:32:21.658313"
121,grn,"Grenada Football Association",,,94,t,f,f,"2017-12-28 04:32:21.664805","2017-12-28 04:32:21.664805"
122,hai,"Fédération Haïtienne de Football",,,89,t,f,f,"2017-12-28 04:32:21.670926","2017-12-28 04:32:21.670926"
123,jam,"Jamaica Football Federation",,,87,t,f,f,"2017-12-28 04:32:21.678392","2017-12-28 04:32:21.678392"
124,msr,"Montserrat Football Association",,,222,t,f,f,"2017-12-28 04:32:21.685809","2017-12-28 04:32:21.685809"
125,pur,"Federación Puertorriqueña de Fútbol",,,211,t,f,f,"2017-12-28 04:32:21.691933","2017-12-28 04:32:21.691933"
126,skn,"Saint Kitts and Nevis Football Association",,,95,t,f,f,"2017-12-28 04:32:21.698653","2017-12-28 04:32:21.698653"
127,lca,"Saint Lucia Football Association",,,96,t,f,f,"2017-12-28 04:32:21.704567","2017-12-28 04:32:21.704567"
128,vin,"Saint Vincent and the Grenadines Football Federation",,,97,t,f,f,"2017-12-28 04:32:21.711828","2017-12-28 04:32:21.711828"
129,tri,"Trinidad and Tobago Football Federation",,,98,t,f,f,"2017-12-28 04:32:21.720609","2017-12-28 04:32:21.720609"
130,tca,"Turks and Caicos Islands Football Association",,,223,t,f,f,"2017-12-28 04:32:21.727074","2017-12-28 04:32:21.727074"
131,vir,"U.S. Virgin Islands Soccer Federation",,,212,t,f,f,"2017-12-28 04:32:21.733246","2017-12-28 04:32:21.733246"
132,bon,"Bonaire Football Federation",,,120,t,f,f,"2017-12-28 04:32:21.740621","2017-12-28 04:32:21.740621"
133,gpe,"Ligue Guadeloupéenne de Football",,,213,t,f,f,"2017-12-28 04:32:21.745279","2017-12-28 04:32:21.745279"
134,mtq,"Ligue de Football de Martinique",,,214,t,f,f,"2017-12-28 04:32:21.751230","2017-12-28 04:32:21.751230"
135,maf,"Comité de Football des Îles du Nord",,,216,t,f,f,"2017-12-28 04:32:21.755756","2017-12-28 04:32:21.755756"
136,sxm,"Sint Maarten Soccer Association",,,120,t,f,f,"2017-12-28 04:32:21.761439","2017-12-28 04:32:21.761439"
137,hon,"Federación Nacional Autónoma de Fútbol de Honduras",,,102,t,f,f,"2017-12-28 04:32:21.766649","2017-12-28 04:32:21.766649"
138,crc,"Federación Costarricense de Fútbol",,,101,t,f,f,"2017-12-28 04:32:21.775033","2017-12-28 04:32:21.775033"
139,slv,"Federación Salvadoreña de Fútbol",,,103,t,f,f,"2017-12-28 04:32:21.782307","2017-12-28 04:32:21.782307"
140,pan,"Federación Panameña de Fútbol",,,105,t,f,f,"2017-12-28 04:32:21.788294","2017-12-28 04:32:21.788294"
141,gua,"Federación Nacional de Fútbol de Guatemala",,,100,t,f,f,"2017-12-28 04:32:21.794652","2017-12-28 04:32:21.794652"
142,blz,"Football Federation of Belize",,,99,t,f,f,"2017-12-28 04:32:21.800854","2017-12-28 04:32:21.800854"
143,nca,"Federación Nicaragüense de Fútbol",,,104,t,f,f,"2017-12-28 04:32:21.808497","2017-12-28 04:32:21.808497"
144,aut,"Österreichischer Fußball-Bund",,,107,t,f,f,"2017-12-28 04:32:21.819348","2017-12-28 04:32:21.819348"
145,bel,"Koninklijke Belgische Voetbalbond",,,108,t,f,f,"2017-12-28 04:32:21.824100","2017-12-28 04:32:21.824100"
146,cyp,"Cyprus Football Association",,,109,t,f,f,"2017-12-28 04:32:21.829461","2017-12-28 04:32:21.829461"
147,ger,"Deutscher Fußball-Bund",,,110,t,f,f,"2017-12-28 04:32:21.833869","2017-12-28 04:32:21.833869"
148,est,"Eesti Jalgpalli Liit",,,111,t,f,f,"2017-12-28 04:32:21.840028","2017-12-28 04:32:21.840028"
149,esp,"Real Federación Española de Fútbol",,,112,t,f,f,"2017-12-28 04:32:21.844636","2017-12-28 04:32:21.844636"
150,fin,"Suomen Palloliitto",,,113,t,f,f,"2017-12-28 04:32:21.850583","2017-12-28 04:32:21.850583"
151,fra,"Fédération Française de Football",,,114,t,f,f,"2017-12-28 04:32:21.855299","2017-12-28 04:32:21.855299"
152,gre,"Hellenic Football Federation",,,115,t,f,f,"2017-12-28 04:32:21.859736","2017-12-28 04:32:21.859736"
153,irl,"Football Association of Ireland",,,116,t,f,f,"2017-12-28 04:32:21.864872","2017-12-28 04:32:21.864872"
154,ita,"Federazione Italiana Giuoco Calcio",,,117,t,f,f,"2017-12-28 04:32:21.870232","2017-12-28 04:32:21.870232"
155,lux,"Fédération Luxembourgeoise de Football",,,118,t,f,f,"2017-12-28 04:32:21.875539","2017-12-28 04:32:21.875539"
156,mlt,"Malta Football Association",,,119,t,f,f,"2017-12-28 04:32:21.880099","2017-12-28 04:32:21.880099"
157,ned,"Koninklijke Nederlandse Voetbalbond",,,120,t,f,f,"2017-12-28 04:32:21.885799","2017-12-28 04:32:21.885799"
158,por,"Federação Portuguesa de Futebol",,,121,t,f,f,"2017-12-28 04:32:21.890318","2017-12-28 04:32:21.890318"
159,svk,"Slovenský Futbalový Zväz",,,122,t,f,f,"2017-12-28 04:32:21.895488","2017-12-28 04:32:21.895488"
160,svn,"Nogometna Zveza Slovenije",,,123,t,f,f,"2017-12-28 04:32:21.900050","2017-12-28 04:32:21.900050"
161,bul,"Bulgarian Football Union",,,124,t,f,f,"2017-12-28 04:32:21.906162","2017-12-28 04:32:21.906162"
162,den,"Dansk Boldspil-Union",,,125,t,f,f,"2017-12-28 04:32:21.910699","2017-12-28 04:32:21.910699"
163,lva,"Latvijas Futbola Federācija",,,126,t,f,f,"2017-12-28 04:32:21.916792","2017-12-28 04:32:21.916792"
164,ltu,"Lietuvos Futbolo Federacija",,,127,t,f,f,"2017-12-28 04:32:21.921338","2017-12-28 04:32:21.921338"
165,pol,"Polski Związek Piłki Nożnej",,,128,t,f,f,"2017-12-28 04:32:21.925898","2017-12-28 04:32:21.925898"
166,rou,"Federaţia Română de Fotbal",,,129,t,f,f,"2017-12-28 04:32:21.931002","2017-12-28 04:32:21.931002"
167,swe,"Svenska Fotbollförbundet",,,130,t,f,f,"2017-12-28 04:32:21.937029","2017-12-28 04:32:21.937029"
168,cze,"Fotbalová Asociace České Republiky",,,131,t,f,f,"2017-12-28 04:32:21.941641","2017-12-28 04:32:21.941641"
169,hun,"Magyar Labdarúgó Szövetség",,,132,t,f,f,"2017-12-28 04:32:21.946673","2017-12-28 04:32:21.946673"
170,and,"Federació Andorrana de Futbol",,,134,t,f,f,"2017-12-28 04:32:21.952647","2017-12-28 04:32:21.952647"
171,alb,"Federata Shqiptare e Futbollit",,,135,t,f,f,"2017-12-28 04:32:21.957165","2017-12-28 04:32:21.957165"
172,blr,"Football Federation of Belarus",,,136,t,f,f,"2017-12-28 04:32:21.962584","2017-12-28 04:32:21.962584"
173,sui,"Association Suisse de Football",,,137,t,f,f,"2017-12-28 04:32:21.967850","2017-12-28 04:32:21.967850"
174,cro,"Hrvatski Nogometni Savez",,,138,t,f,f,"2017-12-28 04:32:21.973291","2017-12-28 04:32:21.973291"
175,srb,"Fudbalski Savez Srbije",,,139,t,f,f,"2017-12-28 04:32:21.977766","2017-12-28 04:32:21.977766"
176,rus,"Russian Football Union",,,140,t,f,f,"2017-12-28 04:32:21.983685","2017-12-28 04:32:21.983685"
177,tur,"Türkiye Futbol Federasyonu",,,141,t,f,f,"2017-12-28 04:32:21.988076","2017-12-28 04:32:21.988076"
178,ukr,"Football Federation of Ukraine",,,142,t,f,f,"2017-12-28 04:32:21.992863","2017-12-28 04:32:21.992863"
179,mkd,"Fudbalska Federacija na Makedonija",,,143,t,f,f,"2017-12-28 04:32:21.998442","2017-12-28 04:32:21.998442"
180,nor,"Norges Fotballforbund",,,144,t,f,f,"2017-12-28 04:32:22.004269","2017-12-28 04:32:22.004269"
181,isl,"Knattspyrnusamband Íslands",,,145,t,f,f,"2017-12-28 04:32:22.008649","2017-12-28 04:32:22.008649"
182,bih,"Nogometni/Fudbalski Savez Bosne i Hercegovine",,,147,t,f,f,"2017-12-28 04:32:22.013830","2017-12-28 04:32:22.013830"
183,lie,"Liechtensteiner Fußballverband",,,148,t,f,f,"2017-12-28 04:32:22.020407","2017-12-28 04:32:22.020407"
184,mne,"Fudbalski Savez Crne Gore",,,150,t,f,f,"2017-12-28 04:32:22.025044","2017-12-28 04:32:22.025044"
185,mda,"Federaţia Moldovenească de Fotbal",,,151,t,f,f,"2017-12-28 04:32:22.030335","2017-12-28 04:32:22.030335"
186,smr,"Federazione Sammarinese Giuoco Calcio",,,152,t,f,f,"2017-12-28 04:32:22.036091","2017-12-28 04:32:22.036091"
187,geo,"Georgian Football Federation",,,153,t,f,f,"2017-12-28 04:32:22.040712","2017-12-28 04:32:22.040712"
188,arm,"Football Federation of Armenia",,,154,t,f,f,"2017-12-28 04:32:22.045256","2017-12-28 04:32:22.045256"
189,aze,"Azərbaycan Futbol Federasiyaları Assosiasiyası",,,155,t,f,f,"2017-12-28 04:32:22.051239","2017-12-28 04:32:22.051239"
190,eng,"The Football Association",,,,f,f,f,"2017-12-28 04:32:22.055491","2017-12-28 04:32:22.055491"
191,sco,"Scottish Football Association",,,,f,f,f,"2017-12-28 04:32:22.059901","2017-12-28 04:32:22.059901"
192,wal,"Football Association of Wales",,,,f,f,f,"2017-12-28 04:32:22.065760","2017-12-28 04:32:22.065760"
193,nir,"Irish Football Association",,,,f,f,f,"2017-12-28 04:32:22.070465","2017-12-28 04:32:22.070465"
194,fro,"Fótbóltssamband Føroya",,,233,t,f,f,"2017-12-28 04:32:22.075048","2017-12-28 04:32:22.075048"
195,gib,"Gibraltar Football Association",,,229,t,f,f,"2017-12-28 04:32:22.079855","2017-12-28 04:32:22.079855"
196,isr,"Israel Football Association",,,164,t,f,f,"2017-12-28 04:32:22.084734","2017-12-28 04:32:22.084734"
197,bhr,"Bahrain Football Association",,,156,t,f,f,"2017-12-28 04:32:22.089584","2017-12-28 04:32:22.089584"
198,irn,"Football Federation Islamic Republic of Iran",,,169,t,f,f,"2017-12-28 04:32:22.098891","2017-12-28 04:32:22.098891"
199,irq,"Iraq Football Association",,,163,t,f,f,"2017-12-28 04:32:22.105026","2017-12-28 04:32:22.105026"
200,jor,"Jordan Football Association",,,165,t,f,f,"2017-12-28 04:32:22.112374","2017-12-28 04:32:22.112374"
201,kuw,"Kuwait Football Association",,,157,t,f,f,"2017-12-28 04:32:22.121005","2017-12-28 04:32:22.121005"
202,lib,"Association Libanaise de Football",,,166,t,f,f,"2017-12-28 04:32:22.129747","2017-12-28 04:32:22.129747"
203,oma,"Oman Football Association",,,158,t,f,f,"2017-12-28 04:32:22.137879","2017-12-28 04:32:22.137879"
204,ple,"Palestinian Football Association",,,167,t,f,f,"2017-12-28 04:32:22.145076","2017-12-28 04:32:22.145076"
205,qat,"Qatar Football Association",,,159,t,f,f,"2017-12-28 04:32:22.153836","2017-12-28 04:32:22.153836"
206,ksa,"Saudi Arabian Football Federation",,,160,t,f,f,"2017-12-28 04:32:22.162569","2017-12-28 04:32:22.162569"
207,syr,"Syrian Arab Federation for Football",,,168,t,f,f,"2017-12-28 04:32:22.173625","2017-12-28 04:32:22.173625"
208,uae,"United Arab Emirates Football Association",,,161,t,f,f,"2017-12-28 04:32:22.182251","2017-12-28 04:32:22.182251"
209,yem,"Yemen Football Association",,,162,t,f,f,"2017-12-28 04:32:22.189780","2017-12-28 04:32:22.189780"
210,mex,"Federación Mexicana de Fútbol Asociación",,,172,t,f,f,"2017-12-28 04:32:22.199807","2017-12-28 04:32:22.199807"
211,usa,"United States Soccer Federation",,,171,t,f,f,"2017-12-28 04:32:22.205772","2017-12-28 04:32:22.205772"
212,can,"Canadian Soccer Association",,,170,t,f,f,"2017-12-28 04:32:22.211650","2017-12-28 04:32:22.211650"
213,aus,"Football Federation Australia",,,173,t,f,f,"2017-12-28 04:32:22.219359","2017-12-28 04:32:22.219359"
214,gum,"Guam Football Association",,,242,t,f,f,"2017-12-28 04:32:22.225416","2017-12-28 04:32:22.225416"
215,mnp,"Northern Mariana Islands Football Association",,,243,t,f,f,"2017-12-28 04:32:22.234604","2017-12-28 04:32:22.234604"
216,asm,"Football Federation American Samoa",,,241,t,f,f,"2017-12-28 04:32:22.239237","2017-12-28 04:32:22.239237"
217,cok,"Cook Islands Football Association",,,244,t,f,f,"2017-12-28 04:32:22.244034","2017-12-28 04:32:22.244034"
218,fij,"Fiji Football Association",,,175,t,f,f,"2017-12-28 04:32:22.248804","2017-12-28 04:32:22.248804"
219,ncl,"Fédération Calédonienne de Football",,,239,t,f,f,"2017-12-28 04:32:22.253295","2017-12-28 04:32:22.253295"
220,nzl,"New Zealand Football",,,183,t,f,f,"2017-12-28 04:32:22.257887","2017-12-28 04:32:22.257887"
221,png,"Papua New Guinea Football Association",,,174,t,f,f,"2017-12-28 04:32:22.264838","2017-12-28 04:32:22.264838"
222,sam,"Football Federation Samoa",,,184,t,f,f,"2017-12-28 04:32:22.270885","2017-12-28 04:32:22.270885"
223,sol,"Solomon Islands Football Federation",,,176,t,f,f,"2017-12-28 04:32:22.275477","2017-12-28 04:32:22.275477"
224,tah,"Fédération Tahitienne de Football",,,238,t,f,f,"2017-12-28 04:32:22.280618","2017-12-28 04:32:22.280618"
225,tga,"Tonga Football Association",,,185,t,f,f,"2017-12-28 04:32:22.285404","2017-12-28 04:32:22.285404"
226,van,"Vanuatu Football Federation",,,177,t,f,f,"2017-12-28 04:32:22.289962","2017-12-28 04:32:22.289962"
227,kir,"Kiribati Islands Football Association",,,182,t,f,f,"2017-12-28 04:32:22.296069","2017-12-28 04:32:22.296069"
228,niu,"Niue Soccer Federation",,,245,t,f,f,"2017-12-28 04:32:22.300433","2017-12-28 04:32:22.300433"
229,tuv,"Tuvalu National Football Association",,,186,t,f,f,"2017-12-28 04:32:22.303565","2017-12-28 04:32:22.303565"
230,arg,"Asociación del Fútbol Argentino",,,187,t,f,f,"2017-12-28 04:32:22.307291","2017-12-28 04:32:22.307291"
231,bra,"Confederação Brasileira de Futebol",,,189,t,f,f,"2017-12-28 04:32:22.312455","2017-12-28 04:32:22.312455"
232,chi,"Federación de Fútbol de Chile",,,190,t,f,f,"2017-12-28 04:32:22.317130","2017-12-28 04:32:22.317130"
233,par,"Asociación Paraguaya de Fútbol",,,194,t,f,f,"2017-12-28 04:32:22.321610","2017-12-28 04:32:22.321610"
234,uru,"Asociación Uruguaya de Fútbol",,,195,t,f,f,"2017-12-28 04:32:22.327738","2017-12-28 04:32:22.327738"
235,col,"Federación Colombiana de Fútbol",,,191,t,f,f,"2017-12-28 04:32:22.333683","2017-12-28 04:32:22.333683"
236,ecu,"Federación Ecuatoriana de Fútbol",,,192,t,f,f,"2017-12-28 04:32:22.338204","2017-12-28 04:32:22.338204"
237,per,"Federación Peruana de Fútbol",,,193,t,f,f,"2017-12-28 04:32:22.342813","2017-12-28 04:32:22.342813"
238,ven,"Federación Venezolana de Fútbol",,,196,t,f,f,"2017-12-28 04:32:22.348060","2017-12-28 04:32:22.348060"
239,bol,"Federación Boliviana de Fútbol",,,188,t,f,f,"2017-12-28 04:32:22.352622","2017-12-28 04:32:22.352622"
240,guy,"Guyana Football Federation",,,197,t,f,f,"2017-12-28 04:32:22.357100","2017-12-28 04:32:22.357100"
241,sur,"Surinaamse Voetbal Bond",,,198,t,f,f,"2017-12-28 04:32:22.365820","2017-12-28 04:32:22.365820"
242,gyf,"Ligue de Football de la Guyane",,,249,t,f,f,"2017-12-28 04:32:22.371776","2017-12-28 04:32:22.371776"
