id,name,slug,key,place_id,code,alt_names,hist_names,pop,area,continent_id,country_id,s,c,d,m,motor,alpha2,alpha3,num,fifa,ioc,fips,net,wikipedia,created_at,updated_at
1,Burundi,burundi,bi,11,BDI,,,8749000,27834,6,,f,t,f,f,RU,BI,BDI,108,BDI,BDI,BY,bi,,"2017-12-28 04:32:12.784695","2017-12-28 04:32:19.578273"
2,Comoros,comoros,km,13,COM,,,798000,2235,6,,f,t,f,f,COM,KM,COM,174,COM,COM,CN,km,,"2017-12-28 04:32:12.842840","2017-12-28 04:32:19.230057"
3,Djibouti,djibouti,dj,15,DJI,,,923000,23200,6,,f,t,f,f,DJI,DJ,DJI,262,DJI,DJI,DJ,dj,,"2017-12-28 04:32:12.854006","2017-12-28 04:32:19.246586"
4,Eritrea,eritrea,er,17,ERI,,,6086495,117600,6,,f,t,f,f,ER,ER,ERI,232,ERI,ERI,ER,er,,"2017-12-28 04:32:12.863919","2017-12-28 04:32:19.275063"
5,Ethiopia,ethiopia,et,19,ETH,,,84320987,1104300,6,,f,t,f,f,ETH,ET,ETH,231,ETH,ETH,ET,et,,"2017-12-28 04:32:12.873898","2017-12-28 04:32:19.285218"
6,Kenya,kenya,ke,21,KEN,,,43013341,580367,6,,f,t,f,f,EAK,KE,KEN,404,KEN,KEN,KE,ke,,"2017-12-28 04:32:12.884926","2017-12-28 04:32:19.261154"
7,Madagascar,madagascar,mg,23,MAD,,,22005222,587041,6,,f,t,f,f,RM,MG,MDG,450,MAD,MAD,MA,mg,,"2017-12-28 04:32:12.893152","2017-12-28 04:32:19.558347"
8,Malawi,malawi,mw,25,MWI,,,14901000,118484,6,,f,t,f,f,MW,MW,MWI,454,MWI,MAW,MI,mw,,"2017-12-28 04:32:12.905471","2017-12-28 04:32:19.459094"
9,Mauritius,mauritius,mu,27,MRI,,,1291456,2040,6,,f,t,f,f,MS,MU,MUS,480,MRI,MRI,MP,mu,,"2017-12-28 04:32:12.915220","2017-12-28 04:32:19.454300"
10,Mozambique,mozambique,mz,29,MOZ,,,22894000,801590,6,,f,t,f,f,MOC,MZ,MOZ,508,MOZ,MOZ,MZ,mz,,"2017-12-28 04:32:12.924522","2017-12-28 04:32:19.451988"
11,Rwanda,rwanda,rw,31,RWA,,,11689696,26338,6,,f,t,f,f,RWA,RW,RWA,646,RWA,RWA,RW,rw,,"2017-12-28 04:32:12.936277","2017-12-28 04:32:19.584544"
12,Seychelles,seychelles,sc,33,SEY,,,84000,451,6,,f,t,f,f,SY,SC,SYC,690,SEY,SEY,SE,sc,,"2017-12-28 04:32:12.945211","2017-12-28 04:32:19.619759"
13,Somalia,somalia,so,35,SOM,,,10085638,637657,6,,f,t,f,f,SO,SO,SOM,706,SOM,SOM,SO,so,,"2017-12-28 04:32:12.955520","2017-12-28 04:32:19.607417"
14,Tanzania,tanzania,tz,37,TAN,,,43188000,945203,6,,f,t,f,f,EAT,TZ,TZA,834,TAN,TAN,TZ,tz,,"2017-12-28 04:32:12.968839","2017-12-28 04:32:19.263640"
15,Uganda,uganda,ug,39,UGA,,,35873253,236040,6,,f,t,f,f,EAU,UG,UGA,800,UGA,UGA,UG,ug,,"2017-12-28 04:32:12.977657","2017-12-28 04:32:19.266879"
16,Zambia,zambia,zm,41,ZAM,,,14309466,752618,6,,f,t,f,f,Z,ZM,ZMB,894,ZAM,ZAM,ZA,zm,,"2017-12-28 04:32:12.988594","2017-12-28 04:32:19.696837"
17,Zimbabwe,zimbabwe,zw,43,ZIM,,,12619600,390757,6,,f,t,f,f,ZW,ZW,ZWE,716,ZIM,ZIM,ZI,zw,,"2017-12-28 04:32:13.000958","2017-12-28 04:32:19.707334"
18,Angola,angola,ao,45,ANG,,,18498000,1246700,6,,f,t,f,f,ANG,AO,AGO,024,ANG,ANG,AO,ao,,"2017-12-28 04:32:13.009084","2017-12-28 04:32:19.140488"
19,Cameroon,cameroon,cm,47,CMR,,,18879301,475440,6,,f,t,f,f,CAM,CM,CMR,120,CMR,CMR,CM,cm,,"2017-12-28 04:32:13.021271","2017-12-28 04:32:19.208655"
20,"Central African Republic",central-african-republic,cf,49,CTA,,,4422000,622984,6,,f,t,f,f,RCA,CF,CAF,140,CTA,CAF,CT,cf,,"2017-12-28 04:32:13.033681","2017-12-28 04:32:19.526848"
21,Chad,chad,td,51,CHA,,,10329208,1284000,6,,f,t,f,f,TCH,TD,TCD,148,CHA,CHA,CD,td,,"2017-12-28 04:32:13.043981","2017-12-28 04:32:19.627147"
22,Congo,congo,cg,53,CGO,,,4366266,342000,6,,f,t,f,f,RCB,CG,COG,178,CGO,CGO,CG,cg,,"2017-12-28 04:32:13.055493","2017-12-28 04:32:19.532081"
23,"Congo DR",congo-dr,cd,55,COD,,,71712867,2345409,6,,f,t,f,f,ZRE,CD,COD,180,COD,COD,,cd,,"2017-12-28 04:32:13.067826","2017-12-28 04:32:19.704834"
24,"Equatorial Guinea",equatorial-guinea,gq,57,EQG,,,676000,28050,6,,f,t,f,f,GQ,GQ,GNQ,226,EQG,GEQ,EK,gq,,"2017-12-28 04:32:13.076287","2017-12-28 04:32:19.336101"
25,Gabon,gabon,ga,59,GAB,,,1475000,267667,6,,f,t,f,f,G,GA,GAB,266,GAB,GAB,GB,ga,,"2017-12-28 04:32:13.088161","2017-12-28 04:32:19.305288"
26,"São Tomé and Príncipe",sao-tome-and-principe,st,61,STP,,,183176,1001,6,,f,t,f,f,STP,,,,STP,STP,,st,,"2017-12-28 04:32:13.100583","2017-12-28 04:32:19.614864"
27,Algeria,algeria,dz,63,ALG,,,34178188,2381740,6,,f,t,f,f,DZ,DZ,DZA,012,ALG,ALG,AG,dz,,"2017-12-28 04:32:13.108809","2017-12-28 04:32:19.256334"
28,Egypt,egypt,eg,64,EGY,,,82868000,1001450,6,,f,t,f,f,ET,EG,EGY,818,EGY,EGY,EG,eg,,"2017-12-28 04:32:13.117210","2017-12-28 04:32:19.282632"
29,Morocco,morocco,ma,65,MAR,,,34859364,446550,6,,f,t,f,f,MA,MA,MAR,504,MAR,MAR,MO,ma,,"2017-12-28 04:32:13.123544","2017-12-28 04:32:19.425871"
30,Libya,libya,ly,66,LBY,,,6310434,1759540,6,,f,t,f,f,LAR,LY,LBY,434,LBY,LBA,LY,ly,,"2017-12-28 04:32:13.129786","2017-12-28 04:32:19.409958"
31,Tunisia,tunisia,tn,67,TUN,,,10486339,163610,6,,f,t,f,f,TN,TN,TUN,788,TUN,TUN,TS,tn,,"2017-12-28 04:32:13.137464","2017-12-28 04:32:19.639263"
32,"South Sudan",south-sudan,ss,68,SSD,,,8260490,619745,6,,f,t,f,f,,SS,SSD,728,SSD,,OD,ss,,"2017-12-28 04:32:13.142700","2017-12-28 04:32:18.999430"
33,Sudan,sudan,sd,70,SDN,,,30894000,1886068,6,,f,t,f,f,SUD,SD,SDN,729,SDN,SUD,SU,sd,,"2017-12-28 04:32:13.154846","2017-12-28 04:32:19.617454"
34,"South Africa",south-africa,za,72,RSA,,,51770560,1219912,6,,f,t,f,f,ZA,ZA,ZAF,710,RSA,RSA,SF,za,,"2017-12-28 04:32:13.164566","2017-12-28 04:32:19.699770"
35,Botswana,botswana,bw,73,BOT,,,2029307,581730,6,,f,t,f,f,RB,BW,BWA,072,BOT,BOT,BC,bw,,"2017-12-28 04:32:13.171165","2017-12-28 04:32:19.522060"
36,Lesotho,lesotho,ls,75,LES,,,2067000,30355,6,,f,t,f,f,LS,LS,LSO,426,LES,LES,LT,ls,,"2017-12-28 04:32:13.179782","2017-12-28 04:32:19.414942"
37,Namibia,namibia,na,77,NAM,,,2100000,825418,6,,f,t,f,f,NAM,NA,NAM,516,NAM,NAM,WA,na,,"2017-12-28 04:32:13.191357","2017-12-28 04:32:19.464321"
38,Swaziland,swaziland,sz,79,SWZ,,,1185000,17364,6,,f,t,f,f,SD,SZ,SWZ,748,SWZ,SWZ,WZ,sz,,"2017-12-28 04:32:13.207055","2017-12-28 04:32:19.589452"
39,Benin,benin,bj,81,BEN,,,9598787,112622,6,,f,t,f,f,DY,BJ,BEN,204,BEN,BEN,BN,bj,,"2017-12-28 04:32:13.218965","2017-12-28 04:32:19.253970"
40,"Burkina Faso",burkina-faso,bf,83,BFA,,,15730977,274200,6,,f,t,f,f,BF,BF,BFA,854,BFA,BUR,UV,bf,,"2017-12-28 04:32:13.228507","2017-12-28 04:32:19.168567"
41,"Cape Verde",cape-verde,cv,85,CPV,,,567000,4033,6,,f,t,f,f,CV,,,,CPV,CPV,CV,cv,,"2017-12-28 04:32:13.240304","2017-12-28 04:32:19.236235"
42,"Côte d'Ivoire",cote-divoire,ci,87,CIV,,,20617068,322460,6,,f,t,f,f,CI,CI,CIV,384,CIV,CIV,IV,ci,,"2017-12-28 04:32:13.252686","2017-12-28 04:32:19.217888"
43,Gambia,gambia,gm,88,GAM,,,1782893,11295,6,,f,t,f,f,WAG,GM,GMB,270,GAM,GAM,GA,gm,,"2017-12-28 04:32:13.258293","2017-12-28 04:32:19.671567"
44,Ghana,ghana,gh,89,GHA,,,23832495,239460,6,,f,t,f,f,GH,GH,GHA,288,GHA,GHA,GH,gh,,"2017-12-28 04:32:13.267290","2017-12-28 04:32:19.333366"
45,Guinea,guinea,gn,90,GUI,,,10057975,245857,6,,f,t,f,f,RG,GN,GIN,324,GUI,GUI,GV,gn,,"2017-12-28 04:32:13.272654","2017-12-28 04:32:19.538717"
46,Guinea-Bissau,guinea-bissau,gw,92,GNB,,,1647000,36125,6,,f,t,f,f,RGB,GW,GNB,624,GNB,GBS,PU,gw,,"2017-12-28 04:32:13.285313","2017-12-28 04:32:19.541191"
47,Liberia,liberia,lr,94,LBR,,,3786764,111369,6,,f,t,f,f,LB,LR,LBR,430,LBR,LBR,LI,lr,,"2017-12-28 04:32:13.300630","2017-12-28 04:32:19.412540"
48,Mali,mali,ml,96,MLI,,,14517176,1240192,6,,f,t,f,f,RMM,ML,MLI,466,MLI,MLI,ML,ml,,"2017-12-28 04:32:13.317079","2017-12-28 04:32:19.561356"
49,Mauritania,mauritania,mr,98,MTN,,,3359185,1030700,6,,f,t,f,f,RIM,MR,MRT,478,MTN,MTN,MR,mr,,"2017-12-28 04:32:13.333871","2017-12-28 04:32:19.550529"
50,Niger,niger,ne,99,NIG,,,16274738,1267000,6,,f,t,f,f,RN,NE,NER,562,NIG,NIG,NG,ne,,"2017-12-28 04:32:13.341788","2017-12-28 04:32:19.564369"
51,Nigeria,nigeria,ng,101,NGA,,,166629000,923768,6,,f,t,f,f,WAN,NG,NGA,566,NGA,NGR,NI,ng,,"2017-12-28 04:32:13.357810","2017-12-28 04:32:19.673960"
52,Senegal,senegal,sn,102,SEN,,,12855153,196723,6,,f,t,f,f,SN,SN,SEN,686,SEN,SEN,SG,sn,,"2017-12-28 04:32:13.367855","2017-12-28 04:32:19.605082"
53,"Sierra Leone",sierra-leone,sl,104,SLE,,,5485998,71740,6,,f,t,f,f,SLE,SL,SLE,694,SLE,SLE,SL,sl,,"2017-12-28 04:32:13.378944","2017-12-28 04:32:19.597572"
54,Togo,togo,tg,106,TOG,,,6619000,56785,6,,f,t,f,f,TG,TG,TGO,768,TOG,TOG,TO,tg,,"2017-12-28 04:32:13.391031","2017-12-28 04:32:19.629463"
55,Antarctica,antarctica,aq,108,ATA,,,0,14000000,10,,f,t,f,f,ARK,AQ,ATA,010,,,AY,aq,,"2017-12-28 04:32:13.402862","2017-12-28 04:32:19.142808"
56,Kazakhstan,kazakhstan,kz,109,KAZ,,,16600000,2724900,8,,f,t,f,f,KZ,KZ,KAZ,398,KAZ,KAZ,KZ,kz,,"2017-12-28 04:32:13.409760","2017-12-28 04:32:19.402869"
57,Kyrgyzstan,kyrgyzstan,kg,111,KGZ,,,5550239,199900,8,,f,t,f,f,KS,KG,KGZ,417,KGZ,KGZ,KG,kg,,"2017-12-28 04:32:13.422585","2017-12-28 04:32:19.395346"
58,Tajikistan,tajikistan,tj,113,TJK,,,7616000,143100,8,,f,t,f,f,TJ,TJ,TJK,762,TJK,TJK,TI,tj,,"2017-12-28 04:32:13.433746","2017-12-28 04:32:19.632035"
59,Turkmenistan,turkmenistan,tm,115,TKM,,,5125693,491210,8,,f,t,f,f,TM,TM,TKM,795,TKM,TKM,TX,tm,,"2017-12-28 04:32:13.441995","2017-12-28 04:32:19.636933"
60,Uzbekistan,uzbekistan,uz,117,UZB,,,29559100,447400,8,,f,t,f,f,UZ,UZ,UZB,860,UZB,UZB,UZ,uz,,"2017-12-28 04:32:13.454099","2017-12-28 04:32:19.661639"
61,Japan,japan,jp,119,JPN,,,127950000,377930,8,,f,t,f,f,J,JP,JPN,392,JPN,JPN,JA,jp,,"2017-12-28 04:32:13.462954","2017-12-28 04:32:19.375644"
62,"North Korea",north-korea,kp,121,PRK,,,24346000,120538,8,,f,t,f,f,KP,KP,PRK,408,PRK,PRK,KN,kp,,"2017-12-28 04:32:13.472774","2017-12-28 04:32:19.390343"
63,"South Korea",south-korea,kr,123,KOR,,,48988833,99828,8,,f,t,f,f,ROK,KR,KOR,410,KOR,KOR,KS,kr,,"2017-12-28 04:32:13.481934","2017-12-28 04:32:19.570534"
64,China,china,cn,125,CHN,,,1339724852,9596961,8,,f,t,f,f,CN,CN,CHN,156,CHN,CHN,CH,cn,,"2017-12-28 04:32:13.491450","2017-12-28 04:32:19.224183"
65,Taiwan,taiwan,tw,127,TPE,,,23174528,36188,8,,f,t,f,f,RC,TW,TWN,158,TPE,TPE,TW,tw,,"2017-12-28 04:32:13.501131","2017-12-28 04:32:19.524486"
66,Mongolia,mongolia,mn,129,MGL,,,2754685,1564116,8,,f,t,f,f,MGL,MN,MNG,496,MNG,MGL,MG,mn,,"2017-12-28 04:32:13.509437","2017-12-28 04:32:19.438926"
67,Pakistan,pakistan,pk,131,PAK,,,180440000,796095,8,,f,t,f,f,PK,PK,PAK,586,PAK,PAK,PK,pk,,"2017-12-28 04:32:13.520507","2017-12-28 04:32:19.497469"
68,India,india,in,133,IND,,,1210193422,3287240,8,,f,t,f,f,IND,IN,IND,356,IND,IND,IN,in,,"2017-12-28 04:32:13.528829","2017-12-28 04:32:19.363230"
69,Bangladesh,bangladesh,bd,135,BAN,,,152518015,147570,8,,f,t,f,f,BD,BD,BGD,050,BAN,BAN,BG,bd,,"2017-12-28 04:32:13.538338","2017-12-28 04:32:19.162251"
70,Nepal,nepal,np,137,NEP,,,26620080,147181,8,,f,t,f,f,NEP,NP,NPL,524,NEP,NEP,NP,np,,"2017-12-28 04:32:13.547267","2017-12-28 04:32:19.472115"
71,"Sri Lanka",sri-lanka,lk,139,SRI,,,20277597,65610,8,,f,t,f,f,CL,LK,LKA,144,SRI,SRI,CE,lk,,"2017-12-28 04:32:13.557051","2017-12-28 04:32:19.220986"
72,Bhutan,bhutan,bt,141,BHU,,,742737,38394,8,,f,t,f,f,BHT,BT,BTN,064,BHU,BHU,BT,bt,,"2017-12-28 04:32:13.566823","2017-12-28 04:32:19.173173"
73,Maldives,maldives,mv,143,MDV,,,328536,298,8,,f,t,f,f,MV,MV,MDV,462,MDV,MDV,MV,mv,,"2017-12-28 04:32:13.574630","2017-12-28 04:32:19.456715"
74,Afghanistan,afghanistan,af,145,AFG,,,30419928,647500,8,,f,t,f,f,AFG,AF,AFG,004,AFG,AFG,AF,af,,"2017-12-28 04:32:13.584409","2017-12-28 04:32:19.126105"
75,Indonesia,indonesia,id,147,IDN,,,241030522,1904569,8,,f,t,f,f,RI,ID,IDN,360,IDN,INA,ID,id,,"2017-12-28 04:32:13.592096","2017-12-28 04:32:19.546898"
76,Malaysia,malaysia,my,149,MAS,,,28731000,329847,8,,f,t,f,f,MAL,MY,MYS,458,MAS,MAS,MY,my,,"2017-12-28 04:32:13.600838","2017-12-28 04:32:19.428198"
77,Singapore,singapore,sg,151,SIN,,,5274700,724,8,,f,t,f,f,SGP,SG,SGP,702,SIN,SIN,SN,sg,,"2017-12-28 04:32:13.614574","2017-12-28 04:32:19.591977"
78,Thailand,thailand,th,153,THA,,,64076000,513120,8,,f,t,f,f,T,TH,THA,764,THA,THA,TH,th,,"2017-12-28 04:32:13.623882","2017-12-28 04:32:19.624715"
79,Philippines,philippines,ph,155,PHI,,,95856000,300000,8,,f,t,f,f,RP,PH,PHL,608,PHI,PHI,RP,ph,,"2017-12-28 04:32:13.633372","2017-12-28 04:32:19.573453"
80,Vietnam,vietnam,vn,157,VIE,,,89316000,331210,8,,f,t,f,f,VN,VN,VNM,704,VIE,VIE,VN,vn,,"2017-12-28 04:32:13.641508","2017-12-28 04:32:19.666493"
81,Brunei,brunei,bn,159,BRU,,,408786,5765,8,,f,t,f,f,BRU,BN,BRN,096,BRU,BRU,BX,bn,,"2017-12-28 04:32:13.651867","2017-12-28 04:32:19.187414"
82,Myanmar,myanmar,mm,161,MYA,,,60280000,676578,8,,f,t,f,f,,MM,MMR,104,MYA,MYA,,mm,,"2017-12-28 04:32:13.660020","2017-12-28 04:32:18.843823"
83,Cambodia,cambodia,kh,163,CAM,,,14952665,181035,8,,f,t,f,f,K,KH,KHM,116,CAM,CAM,CB,kh,,"2017-12-28 04:32:13.669448","2017-12-28 04:32:19.380546"
84,Timor-Leste,timor-leste,tl,165,TLS,"[East Timor]",,1066582,14874,8,,f,t,f,f,TL,TL,TLS,626,TLS,TLS,TT,tl,,"2017-12-28 04:32:13.678249","2017-12-28 04:32:19.634516"
85,Laos,laos,la,167,LAO,,,6500000,236800,8,,f,t,f,f,LAO,LA,LAO,418,LAO,LAO,LA,la,,"2017-12-28 04:32:13.688778","2017-12-28 04:32:19.407572"
86,Cuba,cuba,cu,169,CUB,,,11204000,109886,5,,f,t,f,f,C,CU,CUB,192,CUB,CUB,CU,cu,,"2017-12-28 04:32:13.698107","2017-12-28 04:32:19.206154"
87,Jamaica,jamaica,jm,170,JAM,,,2719000,10991,5,,f,t,f,f,JA,JM,JAM,388,JAM,JAM,JM,jm,,"2017-12-28 04:32:13.704372","2017-12-28 04:32:19.378011"
88,"Dominican Republic",dominican-republic,do,171,DOM,,,10090000,48671,5,,f,t,f,f,DOM,DO,DOM,214,DOM,DOM,DR,do,,"2017-12-28 04:32:13.709278","2017-12-28 04:32:19.251498"
89,Haiti,haiti,ht,172,HAI,,,9719932,27750,5,,f,t,f,f,RH,HT,HTI,332,HAI,HAI,HA,ht,,"2017-12-28 04:32:13.716718","2017-12-28 04:32:19.544142"
90,"Antigua and Barbuda",antigua-and-barbuda,ag,174,ATG,,,81799,440,5,,f,t,f,f,AG,AG,ATG,028,ATG,ANT,AC,ag,,"2017-12-28 04:32:13.724750","2017-12-28 04:32:19.129555"
91,Bahamas,bahamas,bs,176,BAH,,,353658,13878,5,,f,t,f,f,BS,BS,BHS,044,BAH,BAH,BF,bs,,"2017-12-28 04:32:13.733419","2017-12-28 04:32:19.189761"
92,Barbados,barbados,bb,178,BRB,,,284589,431,5,,f,t,f,f,BDS,BB,BRB,052,BRB,BAR,BB,bb,,"2017-12-28 04:32:13.741724","2017-12-28 04:32:19.165969"
93,Dominica,dominica,dm,180,DMA,,,73126,750,5,,f,t,f,f,WD,DM,DMA,212,DMA,DMA,DO,dm,,"2017-12-28 04:32:13.752487","2017-12-28 04:32:19.676473"
94,Grenada,grenada,gd,182,GRN,,,110000,344,5,,f,t,f,f,WG,GD,GRD,308,GRN,GRN,GJ,gd,,"2017-12-28 04:32:13.761323","2017-12-28 04:32:19.678816"
95,"Saint Kitts and Nevis",saint-kitts-and-nevis,kn,184,SKN,,,51300,261,5,,f,t,f,f,KAN,KN,KNA,659,SKN,SKN,SC,kn,,"2017-12-28 04:32:13.770798","2017-12-28 04:32:19.383006"
96,"Saint Lucia",saint-lucia,lc,186,LCA,,,173765,617,5,,f,t,f,f,WL,LC,LCA,662,LCA,LCA,ST,lc,,"2017-12-28 04:32:13.780316","2017-12-28 04:32:19.681292"
97,"Saint Vincent and the Grenadines",saint-vincent-and-the-grenadines,vc,188,VIN,,,120000,389,5,,f,t,f,f,WV,VC,VCT,670,VIN,VIN,VC,vc,,"2017-12-28 04:32:13.789649","2017-12-28 04:32:19.688905"
98,"Trinidad and Tobago",trinidad-and-tobago,tt,190,TRI,,,1346350,5131,5,,f,t,f,f,TT,TT,TTO,780,TRI,TTO,TD,tt,,"2017-12-28 04:32:13.798378","2017-12-28 04:32:19.646615"
99,Belize,belize,bz,192,BLZ,,,307000,22966,4,,f,t,f,f,BZ,BZ,BLZ,084,BLZ,BIZ,BH,bz,,"2017-12-28 04:32:13.807297","2017-12-28 04:32:19.203229"
100,Guatemala,guatemala,gt,194,GUA,,,14027000,108889,4,,f,t,f,f,GCA,GT,GTM,320,GUA,GUA,GT,gt,,"2017-12-28 04:32:13.818882","2017-12-28 04:32:19.326394"
101,"Costa Rica",costa-rica,cr,196,CRC,,,4579000,51100,4,,f,t,f,f,CR,CR,CRI,188,CRC,CRC,CS,cr,,"2017-12-28 04:32:13.828127","2017-12-28 04:32:19.233714"
102,Honduras,honduras,hn,198,HON,,,7466000,112492,4,,f,t,f,f,HN,HN,HND,340,HON,HON,HO,hn,,"2017-12-28 04:32:13.836463","2017-12-28 04:32:19.352788"
103,"El Salvador",el-salvador,sv,200,SLV,,,6163000,21041,4,,f,t,f,f,ES,SV,SLV,222,SLV,ESA,ES,sv,,"2017-12-28 04:32:13.846422","2017-12-28 04:32:19.277490"
104,Nicaragua,nicaragua,ni,202,NCA,,,5743000,130373,4,,f,t,f,f,NIC,NI,NIC,558,NCA,NCA,NU,ni,,"2017-12-28 04:32:13.855855","2017-12-28 04:32:19.474453"
105,"Panamá",panama,pa,204,PAN,[Panama],,3454000,75417,4,,f,t,f,f,PA,PA,PAN,591,PAN,PAN,PM,pa,,"2017-12-28 04:32:13.864686","2017-12-28 04:32:19.489408"
106,"European Union",european-union,eu,206,EUR,,,503492041,4324782,1,,t,f,f,f,,,,,,,,eu,,"2017-12-28 04:32:13.874142","2017-12-28 04:32:17.423898"
107,Austria,austria,at,207,AUT,,,8414638,83871,1,106,f,t,f,f,A,AT,AUT,040,AUT,AUT,AU,at,,"2017-12-28 04:32:13.885429","2017-12-28 04:32:19.123610"
108,Belgium,belgium,be,209,BEL,,,11007020,30528,1,106,f,t,f,f,B,BE,BEL,056,BEL,BEL,BE,be,,"2017-12-28 04:32:13.894709","2017-12-28 04:32:19.159923"
109,Cyprus,cyprus,cy,211,CYP,,,1099341,9251,1,106,f,t,f,f,CY,CY,CYP,196,CYP,CYP,CY,cy,,"2017-12-28 04:32:13.903652","2017-12-28 04:32:19.238729"
110,Germany,germany,de,213,GER,,,81799600,357050,1,106,f,t,f,f,D,DE,DEU,276,GER,GER,GM,de,,"2017-12-28 04:32:13.913998","2017-12-28 04:32:19.244020"
111,Estonia,estonia,ee,215,EST,,,1340194,45226,1,106,f,t,f,f,EST,EE,EST,233,EST,EST,EN,ee,,"2017-12-28 04:32:13.922834","2017-12-28 04:32:19.279924"
112,Spain,spain,es,217,ESP,,,46030109,506030,1,106,f,t,f,f,E,ES,ESP,724,ESP,ESP,SP,es,,"2017-12-28 04:32:13.931303","2017-12-28 04:32:19.258786"
113,Finland,finland,fi,219,FIN,,,5391700,338145,1,106,f,t,f,f,FIN,FI,FIN,246,FIN,FIN,FI,fi,,"2017-12-28 04:32:13.940514","2017-12-28 04:32:19.290102"
114,France,france,fr,221,FRA,,,65821885,674843,1,106,f,t,f,f,F,FR,FRA,250,FRA,FRA,FR,fr,,"2017-12-28 04:32:13.953084","2017-12-28 04:32:19.287604"
115,Greece,greece,gr,223,GRE,,,10787690,131990,1,106,f,t,f,f,GR,GR,GRC,300,GRE,GRE,GR,gr,,"2017-12-28 04:32:13.963366","2017-12-28 04:32:19.338490"
116,Ireland,ireland,ie,225,IRL,,,4722028,70273,1,106,f,t,f,f,IRL,IE,IRL,372,IRL,IRL,EI,ie,,"2017-12-28 04:32:13.973131","2017-12-28 04:32:19.368269"
117,Italy,italy,it,227,ITA,,,60681514,301318,1,106,f,t,f,f,I,IT,ITA,380,ITA,ITA,IT,it,,"2017-12-28 04:32:13.983123","2017-12-28 04:32:19.357660"
118,Luxembourg,luxembourg,lu,228,LUX,,,511840,2586,1,106,f,t,f,f,L,LU,LUX,442,LUX,LUX,LU,lu,,"2017-12-28 04:32:13.988944","2017-12-28 04:32:19.405275"
119,Malta,malta,mt,229,MLT,,,417608,316,1,106,f,t,f,f,M,MT,MLT,470,MLT,MLT,MT,mt,,"2017-12-28 04:32:13.994948","2017-12-28 04:32:19.423576"
120,Netherlands,netherlands,nl,230,NED,,,16703700,41526,1,106,f,t,f,f,NL,NL,NLD,528,NED,NED,NL,nl,,"2017-12-28 04:32:14.000440","2017-12-28 04:32:19.476849"
121,Portugal,portugal,pt,231,POR,,,10647763,92391,1,106,f,t,f,f,P,PT,PRT,620,POR,POR,PO,pt,,"2017-12-28 04:32:14.006968","2017-12-28 04:32:19.485958"
122,Slovakia,slovakia,sk,232,SVK,,,5440078,49037,1,106,f,t,f,f,SK,SK,SVK,703,SVK,SVK,LO,sk,,"2017-12-28 04:32:14.012573","2017-12-28 04:32:19.594967"
123,Slovenia,slovenia,si,233,SVN,,,2048951,20273,1,106,f,t,f,f,SLO,SI,SVN,705,SVN,SLO,SI,si,,"2017-12-28 04:32:14.019817","2017-12-28 04:32:19.599935"
124,Bulgaria,bulgaria,bg,234,BUL,,,7364570,110994,1,106,f,t,f,f,BG,BG,BGR,100,BUL,BUL,BU,bg,,"2017-12-28 04:32:14.025231","2017-12-28 04:32:19.170892"
125,Denmark,denmark,dk,235,DEN,,,5564219,43094,1,106,f,t,f,f,DK,DK,DNK,208,DEN,DEN,DA,dk,,"2017-12-28 04:32:14.031232","2017-12-28 04:32:19.249042"
126,Latvija,latvija,lv,236,LVA,[Latvia],,2245357,64589,1,106,f,t,f,f,LV,LV,LVA,428,LVA,LAT,LG,lv,,"2017-12-28 04:32:14.036891","2017-12-28 04:32:19.421059"
127,Lithuania,lithuania,lt,237,LTU,,,3207060,65303,1,106,f,t,f,f,LT,LT,LTU,440,LTU,LTU,LH,lt,,"2017-12-28 04:32:14.042093","2017-12-28 04:32:19.417418"
128,Poland,poland,pl,238,POL,,,38186860,312683,1,106,f,t,f,f,PL,PL,POL,616,POL,POL,PL,pl,,"2017-12-28 04:32:14.047463","2017-12-28 04:32:19.500017"
129,Romania,romania,ro,239,ROU,,,19042936,238391,1,106,f,t,f,f,RO,RO,ROU,642,ROU,ROU,RO,ro,,"2017-12-28 04:32:14.053012","2017-12-28 04:32:19.568004"
130,Sweden,sweden,se,240,SWE,,,9415570,449964,1,106,f,t,f,f,S,SE,SWE,752,SWE,SWE,SW,se,,"2017-12-28 04:32:14.058586","2017-12-28 04:32:19.587049"
131,"Czech Republic",czech-republic,cz,241,CZE,"Czech Rep.",,10535811,78866,1,106,f,t,f,f,CZ,CZ,CZE,203,CZE,CZE,EZ,cz,,"2017-12-28 04:32:14.065025","2017-12-28 04:32:19.241199"
132,Hungary,hungary,hu,242,HUN,,,9979000,93030,1,106,f,t,f,f,H,HU,HUN,348,HUN,HUN,HU,hu,,"2017-12-28 04:32:14.071156","2017-12-28 04:32:19.343764"
133,"Great Britain",great-britain,gb,243,GBR,"United Kingdom",,63047162,243610,1,106,f,t,f,f,GB,GB,GBR,826,,GBR,UK,uk,,"2017-12-28 04:32:14.077183","2017-12-28 04:32:19.308654"
134,Andorra,andorra,ad,244,AND,,,85082,468,1,,f,t,f,f,AND,AD,AND,020,AND,AND,AN,ad,,"2017-12-28 04:32:14.082747","2017-12-28 04:32:19.138123"
135,Albania,albania,al,245,ALB,,,3002859,28748,1,,f,t,f,f,AL,AL,ALB,008,ALB,ALB,AL,al,,"2017-12-28 04:32:14.087810","2017-12-28 04:32:19.133150"
136,Belarus,belarus,by,246,BLR,,,9643566,207600,1,,f,t,f,f,BY,BY,BLR,112,BLR,BLR,BO,by,,"2017-12-28 04:32:14.093135","2017-12-28 04:32:19.200815"
137,Switzerland,switzerland,ch,247,SUI,,,7866500,41285,1,,f,t,f,f,CH,CH,CHE,756,SUI,SUI,SZ,ch,,"2017-12-28 04:32:14.098358","2017-12-28 04:32:19.213847"
138,Croatia,croatia,hr,248,CRO,,,4290612,56594,1,,f,t,f,f,HR,HR,HRV,191,CRO,CRO,HR,hr,,"2017-12-28 04:32:14.103706","2017-12-28 04:32:19.355240"
139,Serbia,serbia,rs,249,SRB,,,7276604,88361,1,,f,t,f,f,SRB,RS,SRB,688,SRB,SRB,RI,rs,,"2017-12-28 04:32:14.108741","2017-12-28 04:32:19.612410"
140,Russia,russia,ru,250,RUS,,,142517670,17098242,1,,f,t,f,f,RUS,RU,RUS,643,RUS,RUS,RS,ru,,"2017-12-28 04:32:14.113966","2017-12-28 04:32:19.581793"
141,Turkey,turkey,tr,251,TUR,,,79749461,783562,1,,f,t,f,f,TR,TR,TUR,792,TUR,TUR,TU,tr,,"2017-12-28 04:32:14.118991","2017-12-28 04:32:19.644108"
142,Ukraine,ukraine,ua,252,UKR,,,44854065,603550,1,,f,t,f,f,UA,UA,UKR,804,UKR,UKR,UP,ua,,"2017-12-28 04:32:14.124111","2017-12-28 04:32:19.651673"
143,Macedonia,macedonia,mk,253,MKD,,,2082370,25713,1,,f,t,f,f,MK,MK,MKD,807,MKD,MKD,MK,mk,,"2017-12-28 04:32:14.129088","2017-12-28 04:32:19.444422"
144,Norway,norway,no,254,NOR,,,4993300,385155,1,,f,t,f,f,N,NO,NOR,578,NOR,NOR,NO,no,,"2017-12-28 04:32:14.134169","2017-12-28 04:32:19.461905"
145,Iceland,iceland,is,255,ISL,,,318452,103000,1,,f,t,f,f,IS,IS,ISL,352,ISL,ISL,IC,is,,"2017-12-28 04:32:14.139248","2017-12-28 04:32:19.373244"
146,"Vatican City",vatican-city,va,256,VAT,,,836,1,1,,f,t,f,f,V,VA,VAT,336,,,VT,va,,"2017-12-28 04:32:14.144396","2017-12-28 04:32:19.664061"
147,"Bosnia and Herzegovina",bosnia-and-herzegovina,ba,258,BIH,Bosnia-Herzegovina,,3839737,51197,1,,f,t,f,f,BIH,BA,BIH,070,BIH,BIH,BK,ba,,"2017-12-28 04:32:14.153027","2017-12-28 04:32:19.177219"
148,Liechtenstein,liechtenstein,li,260,LIE,,,36281,160,1,,f,t,f,f,FL,LI,LIE,438,LIE,LIE,LS,li,,"2017-12-28 04:32:14.161978","2017-12-28 04:32:19.294926"
149,Monaco,monaco,mc,262,MCO,,,36371,2,1,,f,t,f,f,MC,MC,MCO,492,,MON,MN,mc,,"2017-12-28 04:32:14.172088","2017-12-28 04:32:19.430621"
150,Montenegro,montenegro,me,264,MNE,,,625266,13812,1,,f,t,f,f,MNE,ME,MNE,499,MNE,MNE,MJ,me,,"2017-12-28 04:32:14.183423","2017-12-28 04:32:19.446855"
151,Moldova,moldova,md,266,MDA,,,3559500,33846,1,,f,t,f,f,MD,MD,MDA,498,MDA,MDA,MD,md,,"2017-12-28 04:32:14.191866","2017-12-28 04:32:19.433061"
152,"San Marino",san-marino,sm,268,SMR,,,32404,61,1,,f,t,f,f,RSM,SM,SMR,674,SMR,SMR,SM,sm,,"2017-12-28 04:32:14.201136","2017-12-28 04:32:19.575936"
153,Georgia,georgia,ge,270,GEO,,,4570934,69700,1,,f,t,f,f,GE,GE,GEO,268,GEO,GEO,GG,ge,,"2017-12-28 04:32:14.210802","2017-12-28 04:32:19.329628"
154,Armenia,armenia,am,271,ARM,,,2970495,29743,1,,f,t,f,f,AM,AM,ARM,051,ARM,ARM,AM,am,,"2017-12-28 04:32:14.217089","2017-12-28 04:32:19.135622"
155,Azerbaijan,azerbaijan,az,272,AZE,,,9165000,86600,1,,f,t,f,f,AZ,AZ,AZE,031,AZE,AZE,AJ,az,,"2017-12-28 04:32:14.222264","2017-12-28 04:32:19.157471"
156,Bahrain,bahrain,bh,274,BHR,,,1234571,765,7,,f,t,f,f,BRN,BH,BHR,048,BHR,BRN,BA,bh,,"2017-12-28 04:32:14.231759","2017-12-28 04:32:19.184694"
157,Kuwait,kuwait,kw,276,KUW,,,3566437,17820,7,,f,t,f,f,KWT,KW,KWT,414,KUW,KUW,KU,kw,,"2017-12-28 04:32:14.242336","2017-12-28 04:32:19.400347"
158,Oman,oman,om,278,OMA,,,2773479,309501,7,,f,t,f,f,OM,OM,OMN,512,OMA,OMA,MU,om,,"2017-12-28 04:32:14.251488","2017-12-28 04:32:19.483488"
159,Qatar,qatar,qa,280,QAT,,,1853563,11571,7,,f,t,f,f,Q,QA,QAT,634,QAT,QAT,QA,qa,,"2017-12-28 04:32:14.259143","2017-12-28 04:32:19.516260"
160,"Saudi Arabia",saudi-arabia,sa,282,KSA,,,27136977,1960582,7,,f,t,f,f,KSA,SA,SAU,682,KSA,KSA,SA,sa,,"2017-12-28 04:32:14.268622","2017-12-28 04:32:19.397792"
161,"United Arab Emirates",united-arab-emirates,ae,284,UAE,,,8264070,83600,7,,f,t,f,f,UAE,AE,ARE,784,UAE,UAE,AE,ae,,"2017-12-28 04:32:14.282180","2017-12-28 04:32:19.654213"
162,Yemen,yemen,ye,286,YEM,,,25130000,527829,7,,f,t,f,f,YAR,YE,YEM,887,YEM,YEM,YM,ye,,"2017-12-28 04:32:14.290816","2017-12-28 04:32:19.691749"
163,Iraq,iraq,iq,288,IRQ,,,31129225,438317,7,,f,t,f,f,IRQ,IQ,IRQ,368,IRQ,IRQ,IZ,iq,,"2017-12-28 04:32:14.299795","2017-12-28 04:32:19.370817"
164,Israel,israel,il,290,ISR,,,7653600,20770,7,,f,t,f,f,IL,IL,ISR,376,ISR,ISR,IS,il,,"2017-12-28 04:32:14.309363","2017-12-28 04:32:19.360468"
165,Jordan,jordan,jo,292,JOR,,,6508271,89342,7,,f,t,f,f,HKJ,JO,JOR,400,JOR,JOR,JO,jo,,"2017-12-28 04:32:14.319932","2017-12-28 04:32:19.350169"
166,Lebanon,lebanon,lb,294,LIB,,,4224000,10452,7,,f,t,f,f,RL,LB,LBN,422,LIB,LIB,LE,lb,,"2017-12-28 04:32:14.328635","2017-12-28 04:32:19.555704"
167,Palestine,palestine,ps,296,PLE,,,4260636,6220,7,,f,t,f,f,PS,PS,PSE,275,PLE,PLE,,ps,,"2017-12-28 04:32:14.337807","2017-12-28 04:32:19.510343"
168,Syria,syria,sy,297,SYR,,,22530746,185180,7,,f,t,f,f,SYR,SY,SYR,760,SYR,SYR,SY,sy,,"2017-12-28 04:32:14.343596","2017-12-28 04:32:19.622323"
169,Iran,iran,ir,299,IRN,,,75149669,1648195,7,,f,t,f,f,IR,IR,IRN,364,IRN,IRI,IR,ir,,"2017-12-28 04:32:14.353014","2017-12-28 04:32:19.365764"
170,Canada,canada,ca,301,CAN,,,34278406,9984670,3,,f,t,f,f,CDN,CA,CAN,124,CAN,CAN,CA,ca,,"2017-12-28 04:32:14.362450","2017-12-28 04:32:19.211211"
171,"United States",united-states,us,302,USA,,,314167157,9629091,3,,f,t,f,f,USA,US,USA,840,USA,USA,US,us,,"2017-12-28 04:32:14.368644","2017-12-28 04:32:19.656760"
172,"México",mexico,mx,303,MEX,[Mexico],,112322757,1972550,3,,f,t,f,f,MEX,MX,MEX,484,MEX,MEX,MX,mx,,"2017-12-28 04:32:14.374816","2017-12-28 04:32:19.436424"
173,Australia,australia,au,304,AUS,,,22028000,7686850,9,,f,t,f,f,AUS,AU,AUS,036,AUS,AUS,AS,au,,"2017-12-28 04:32:14.380521","2017-12-28 04:32:19.149708"
174,"Papua New Guinea",papua-new-guinea,pg,306,PNG,,,5172033,462840,9,,f,t,f,f,PNG,PG,PNG,598,PNG,PNG,PP,pg,,"2017-12-28 04:32:14.390648","2017-12-28 04:32:19.505222"
175,Fiji,fiji,fj,308,FIJ,,,849000,18274,9,,f,t,f,f,FJI,FJ,FJI,242,FIJ,FIJ,FJ,fj,,"2017-12-28 04:32:14.399619","2017-12-28 04:32:19.292542"
176,"Solomon Islands",solomon-islands,sb,310,SOL,,,523000,28400,9,,f,t,f,f,SOL,SB,SLB,090,SOL,SOL,BP,sb,,"2017-12-28 04:32:14.409010","2017-12-28 04:32:19.609772"
177,Vanuatu,vanuatu,vu,312,VAN,,,224564,12190,9,,f,t,f,f,VU,VU,VUT,548,VAN,VAN,NH,vu,,"2017-12-28 04:32:14.418316","2017-12-28 04:32:19.668901"
178,Palau,palau,pw,314,PLW,,,20956,459,9,,f,t,f,f,PAL,PW,PLW,585,PLW,PLW,PS,pw,,"2017-12-28 04:32:14.426660","2017-12-28 04:32:19.491936"
179,Micronesia,micronesia,fm,316,FSM,,,111000,702,9,,f,t,f,f,FSM,FM,FSM,583,FSM,FSM,FM,fm,,"2017-12-28 04:32:14.436662","2017-12-28 04:32:19.302823"
180,"Marshall Islands",marshall-islands,mh,318,MHL,,,68000,181,9,,f,t,f,f,MH,MH,MHL,584,,MHL,RM,mh,,"2017-12-28 04:32:14.445277","2017-12-28 04:32:19.441646"
181,Nauru,nauru,nr,320,NRU,,,9378,21,9,,f,t,f,f,NAU,NR,NRU,520,,NRU,NR,nr,,"2017-12-28 04:32:14.454723","2017-12-28 04:32:19.466681"
182,Kiribati,kiribati,ki,322,KIR,,,103500,811,9,,f,t,f,f,KIR,KI,KIR,296,KIR,KIR,KR,ki,,"2017-12-28 04:32:14.463620","2017-12-28 04:32:19.385435"
183,"New Zealand",new-zealand,nz,324,NZL,,,4108037,268680,9,,f,t,f,f,NZ,NZ,NZL,554,NZL,NZL,NZ,nz,,"2017-12-28 04:32:14.473267","2017-12-28 04:32:19.479410"
184,Samoa,samoa,ws,326,SAM,,,194320,2831,9,,f,t,f,f,WS,WS,WSM,882,SAM,SAM,WS,ws,,"2017-12-28 04:32:14.482715","2017-12-28 04:32:19.683731"
185,Tonga,tonga,to,328,TGA,,,103036,748,9,,f,t,f,f,TO,TO,TON,776,TGA,TGA,TN,to,,"2017-12-28 04:32:14.490766","2017-12-28 04:32:19.641709"
186,Tuvalu,tuvalu,tv,330,TUV,,,10544,26,9,,f,t,f,f,TUV,TV,TUV,798,TUV,TUV,TV,tv,,"2017-12-28 04:32:14.501012","2017-12-28 04:32:19.649024"
187,Argentina,argentina,ar,332,ARG,,,40518425,2780400,2,,f,t,f,f,RA,AR,ARG,032,ARG,ARG,AR,ar,,"2017-12-28 04:32:14.509953","2017-12-28 04:32:19.519661"
188,Bolivia,bolivia,bo,334,BOL,,,10907778,1098581,2,,f,t,f,f,BOL,BO,BOL,068,BOL,BOL,BL,bo,,"2017-12-28 04:32:14.521487","2017-12-28 04:32:19.179984"
189,Brazil,brazil,br,336,BRA,,,192380000,8514215,2,,f,t,f,f,BR,BR,BRA,076,BRA,BRA,BR,br,,"2017-12-28 04:32:14.530265","2017-12-28 04:32:19.182329"
190,Chile,chile,cl,338,CHI,,,16763470,755696,2,,f,t,f,f,RCH,CL,CHL,152,CHI,CHI,CI,cl,,"2017-12-28 04:32:14.539782","2017-12-28 04:32:19.536039"
191,Colombia,colombia,co,340,COL,,,46413791,1138748,2,,f,t,f,f,CO,CO,COL,170,COL,COL,CO,co,,"2017-12-28 04:32:14.549126","2017-12-28 04:32:19.227263"
192,Ecuador,ecuador,ec,342,ECU,,,15007343,258238,2,,f,t,f,f,EC,EC,ECU,218,ECU,ECU,EC,ec,,"2017-12-28 04:32:14.557424","2017-12-28 04:32:19.272478"
193,Peru,peru,pe,344,PER,,,29546963,1285220,2,,f,t,f,f,PE,PE,PER,604,PER,PER,PE,pe,,"2017-12-28 04:32:14.567846","2017-12-28 04:32:19.494965"
194,Paraguay,paraguay,py,346,PAR,,,6375830,406752,2,,f,t,f,f,PY,PY,PRY,600,PAR,PAR,PA,py,,"2017-12-28 04:32:14.576366","2017-12-28 04:32:19.512882"
195,Uruguay,uruguay,uy,348,URU,,,3510386,176215,2,,f,t,f,f,UY,UY,URY,858,URU,URU,UY,uy,,"2017-12-28 04:32:14.586183","2017-12-28 04:32:19.659135"
196,Venezuela,venezuela,ve,350,VEN,,,28833845,916445,2,,f,t,f,f,YV,VE,VEN,862,VEN,VEN,VE,ve,,"2017-12-28 04:32:14.594759","2017-12-28 04:32:19.694292"
197,Guyana,guyana,gy,352,GUY,,,752940,214970,2,,f,t,f,f,GUY,GY,GUY,328,GUY,GUY,GY,gy,,"2017-12-28 04:32:14.604227","2017-12-28 04:32:19.341011"
198,Suriname,suriname,sr,354,SUR,,,492829,163820,2,,f,t,f,f,SME,SR,SUR,740,SUR,SUR,NS,sr,,"2017-12-28 04:32:14.615594","2017-12-28 04:32:19.602490"
199,Mayotte,mayotte,yt,356,MYT,,,194000,374,6,114,f,f,t,f,,YT,MYT,175,,,MF,yt,,"2017-12-28 04:32:14.624778","2017-12-28 04:32:18.817702"
200,"Réunion",reunion,re,358,REU,,,839500,2512,6,114,f,f,t,f,,RE,REU,638,REU,,RE,re,,"2017-12-28 04:32:14.638311","2017-12-28 04:32:18.922029"
201,"Saint Helena",saint-helena,sh,359,SHN,"Saint Helena, Ascension and Tristan da Cunha",,7728,420,6,133,f,f,t,f,,SH,SHN,654,,,SH,sh,,"2017-12-28 04:32:14.645702","2017-12-28 04:32:18.934857"
202,"Bouvet Island",bouvet-island,bv,361,BVT,,,0,49,10,144,f,f,t,f,,BV,BVT,074,,,BV,bv,,"2017-12-28 04:32:14.658025","2017-12-28 04:32:18.510137"
203,"French Southern Territories",french-southern-territories,tf,362,ATF,"French Southern and Antarctic Lands",,0,439781,10,114,f,f,t,f,,TF,ATF,260,,,FS,tf,,"2017-12-28 04:32:14.668187","2017-12-28 04:32:18.649314"
204,"Heard Island and McDonald Islands",heard-island-and-mcdonald-islands,hm,364,HMD,,,0,368,10,173,f,f,t,f,,HM,HMD,334,,,HM,hm,,"2017-12-28 04:32:14.679233","2017-12-28 04:32:18.702515"
205,"South Georgia and South Sandwich",south-georgia-and-south-sandwich,gs,365,SGS,"South Georgia and the South Sandwich Islands",,0,3903,10,133,f,f,t,f,,GS,SGS,239,,,,gs,,"2017-12-28 04:32:14.686473","2017-12-28 04:32:18.995570"
206,"Hong Kong",hong-kong,hk,367,HKG,,,7061200,1104,8,64,f,f,t,f,HK,HK,HKG,344,HKG,HKG,HK,hk,,"2017-12-28 04:32:14.699926","2017-12-28 04:32:19.346453"
207,Macau,macau,mo,368,MAC,Macao,,568700,30,8,64,f,f,t,f,MO,MO,MAC,446,MAC,,MC,mo,,"2017-12-28 04:32:14.707294","2017-12-28 04:32:19.449481"
208,"Cocos (Keeling) Islands",cocos-keeling-islands,cc,369,CCK,,,596,14,8,173,f,f,t,f,,,,,,,,,,"2017-12-28 04:32:14.715339","2017-12-28 04:32:15.419900"
209,"Christmas Island",christmas-island,cx,371,CXR,,,2072,135,8,173,f,f,t,f,,CX,CXR,162,,,KT,cx,,"2017-12-28 04:32:14.725861","2017-12-28 04:32:18.560590"
210,"British Indian Ocean Territory",british-indian-ocean-territory,io,373,IOT,"Chagos Islands",,4000,54400,8,133,f,f,t,f,,IO,IOT,086,,,IO,io,,"2017-12-28 04:32:14.738998","2017-12-28 04:32:18.516847"
211,"Puerto Rico",puerto-rico,pr,375,PUR,,,3982000,8870,5,171,f,f,t,f,PR,PR,PRI,630,PUR,PUR,RQ,pr,,"2017-12-28 04:32:14.750471","2017-12-28 04:32:19.507833"
212,"United States Virgin Islands",united-states-virgin-islands,vi,376,VIR,"US Virgin Islands",,106405,346,5,171,f,f,t,f,,VI,VIR,850,VIR,ISV,VQ,vi,,"2017-12-28 04:32:14.757783","2017-12-28 04:32:19.093922"
213,Guadeloupe,guadeloupe,gp,378,GPE,,,405500,1628,5,114,f,f,t,f,,GP,GLP,312,GPE,,GP,gp,,"2017-12-28 04:32:14.772133","2017-12-28 04:32:18.679433"
214,Martinique,martinique,mq,379,MTQ,,,403795,1128,5,114,f,f,t,f,,MQ,MTQ,474,MTQ,,MB,mq,,"2017-12-28 04:32:14.779960","2017-12-28 04:32:18.809973"
215,"Saint Barthélemy",saint-barthelemy,bl,380,BLM,,,8902,22,5,114,f,f,t,f,,BL,BLM,652,,,,,,"2017-12-28 04:32:14.787321","2017-12-28 04:32:18.932176"
216,"Saint Martin (French part)",saint-martin-french-part,mf,381,MAF,,,36824,54,5,114,f,f,t,f,,MF,MAF,663,,,RN,,,"2017-12-28 04:32:14.795786","2017-12-28 04:32:18.943233"
217,Aruba,aruba,aw,383,ABW,,,101484,179,5,120,f,f,t,f,ARU,AW,ABW,533,ARU,ARU,AA,aw,,"2017-12-28 04:32:14.807816","2017-12-28 04:32:19.146038"
218,"Curaçao",curacao,cw,385,CUW,,,142180,444,5,120,f,f,t,f,,CW,CUW,531,CUW,,UC,cw,,"2017-12-28 04:32:14.818905","2017-12-28 04:32:18.591864"
219,"Sint Maarten (Dutch part)",sint-maarten-dutch-part,sx,387,SXM,,,37429,34,5,120,f,f,t,f,,SX,SXM,534,SXM,,NN,sx,,"2017-12-28 04:32:14.830993","2017-12-28 04:32:18.975722"
220,Anguilla,anguilla,ai,389,AIA,,,13600,91,5,133,f,f,t,f,AXA,AI,AIA,660,AIA,,AV,ai,,"2017-12-28 04:32:14.842223","2017-12-28 04:32:19.154763"
221,"Cayman Islands",cayman-islands,ky,391,CYM,,,54878,264,5,133,f,f,t,f,,KY,CYM,136,CAY,CAY,CJ,ky,,"2017-12-28 04:32:14.853407","2017-12-28 04:32:18.546130"
222,Montserrat,montserrat,ms,392,MSR,,,5164,102,5,133,f,f,t,f,,MS,MSR,500,MSR,,MH,ms,,"2017-12-28 04:32:14.868212","2017-12-28 04:32:18.836296"
223,"Turks and Caicos Islands",turks-and-caicos-islands,tc,394,TCA,,,46400,616,5,133,f,f,t,f,,TC,TCA,796,TCA,,TK,tc,,"2017-12-28 04:32:14.879137","2017-12-28 04:32:19.063725"
224,"British Virgin Islands",british-virgin-islands,vg,396,VGB,,,27800,153,5,133,f,f,t,f,BVI,VG,VGB,092,VGB,IVB,VI,vg,,"2017-12-28 04:32:14.889799","2017-12-28 04:32:19.194915"
225,England,england,eng,398,ENG,,,53013000,130395,1,133,f,f,t,f,ENG,,,,ENG,,,,,"2017-12-28 04:32:14.903624","2017-12-28 04:32:19.712370"
226,Scotland,scotland,sco,399,SCO,,,5254800,78387,1,133,f,f,t,f,SCO,,,,SCO,,,,,"2017-12-28 04:32:14.911696","2017-12-28 04:32:19.717155"
227,Wales,wales,wal,400,WAL,,,3064000,20779,1,133,f,f,t,f,CYM,,,,WAL,,,,,"2017-12-28 04:32:14.919347","2017-12-28 04:32:19.709923"
228,"Northern Ireland",northern-ireland,nir,401,NIR,,,1810900,13843,1,133,f,f,t,f,NI,,,,NIR,,,,,"2017-12-28 04:32:14.927797","2017-12-28 04:32:19.720219"
229,Gibraltar,gibraltar,gi,403,GIB,,,29200,7,1,133,f,f,t,f,GBZ,GI,GIB,292,GIB,,GI,gi,,"2017-12-28 04:32:14.938695","2017-12-28 04:32:19.323897"
230,"Isle of Man",isle-of-man,im,404,IMN,,,82900,572,1,133,f,f,t,f,GBM,IM,IMN,833,,,IM,im,,"2017-12-28 04:32:14.949497","2017-12-28 04:32:19.321219"
231,Jersey,jersey,je,405,JEY,,,97900,116,1,133,f,f,t,f,GBJ,JE,JEY,832,,,JE,je,,"2017-12-28 04:32:14.957484","2017-12-28 04:32:19.318715"
232,Guernsey,guernsey,gg,406,GGY,,,62300,63,1,133,f,f,t,f,GBG,GG,GGY,831,,,GK,gg,,"2017-12-28 04:32:14.967206","2017-12-28 04:32:19.316062"
233,"Faroe Islands",faroe-islands,fo,407,FRO,,,49267,1399,1,125,f,f,t,f,FO,FO,FRO,234,FRO,,FO,fo,,"2017-12-28 04:32:14.974568","2017-12-28 04:32:19.299680"
234,"Åland Islands",aland-islands,ax,408,ALA,"Åland",,28355,1580,1,113,f,f,t,f,AX,AX,ALA,248,,,,ax,,"2017-12-28 04:32:14.982445","2017-12-28 04:32:19.152282"
235,Greenland,greenland,gl,409,GRL,,,56370,2166086,3,125,f,f,t,f,KN,GL,GRL,304,,,GL,gl,,"2017-12-28 04:32:14.990277","2017-12-28 04:32:19.387842"
236,"Saint Pierre and Miquelon",saint-pierre-and-miquelon,pm,410,SPM,,,5888,242,3,114,f,f,t,f,,PM,SPM,666,,,SB,,,"2017-12-28 04:32:14.997555","2017-12-28 04:32:18.946230"
237,Bermuda,bermuda,bm,411,BMU,,,64268,53,3,133,f,f,t,f,,BM,BMU,060,BER,BER,BD,bm,,"2017-12-28 04:32:15.005531","2017-12-28 04:32:18.493302"
238,Tahiti,tahiti,pf,413,TAH,,,178133,1045,9,114,f,f,t,f,,,,,TAH,,,,,"2017-12-28 04:32:15.019946","2017-12-28 04:32:16.345486"
239,"New Caledonia",new-caledonia,nc,414,NCL,"Nouvelle-Calédonie",,252000,18576,9,114,f,f,t,f,NC,NC,NCL,540,NCL,,NC,nc,,"2017-12-28 04:32:15.027887","2017-12-28 04:32:19.469589"
240,"Wallis and Futuna",wallis-and-futuna,wf,416,WLF,,,15289,264,9,114,f,f,t,f,,WF,WLF,876,,,WF,wf,,"2017-12-28 04:32:15.039839","2017-12-28 04:32:19.107171"
241,"American Samoa",american-samoa,as,417,ASM,,,55519,197,9,171,f,f,t,f,,AS,ASM,016,ASA,ASA,AQ,as,,"2017-12-28 04:32:15.047741","2017-12-28 04:32:18.434353"
242,Guam,guam,gu,418,GUM,,,159358,541,9,171,f,f,t,f,,GU,GUM,316,GUM,GUM,GQ,gu,,"2017-12-28 04:32:15.056202","2017-12-28 04:32:18.683511"
243,"Northern Mariana Islands",northern-mariana-islands,mp,419,MNP,,,53833,464,9,171,f,f,t,f,,MP,MNP,580,NMI,,CQ,mp,,"2017-12-28 04:32:15.063769","2017-12-28 04:32:18.876000"
244,"Cook Islands",cook-islands,ck,421,COK,,,19569,240,9,183,f,f,t,f,,CK,COK,184,COK,COK,CW,ck,,"2017-12-28 04:32:15.075013","2017-12-28 04:32:18.577919"
245,Niue,niue,nu,422,NIU,,,1398,260,9,183,f,f,t,f,,NU,NIU,570,NIU,,NE,nu,,"2017-12-28 04:32:15.084129","2017-12-28 04:32:18.870491"
246,Tokelau,tokelau,tk,424,TKL,,,1411,10,9,183,f,f,t,f,,TK,TKL,772,,,TL,tk,,"2017-12-28 04:32:15.094771","2017-12-28 04:32:19.048290"
247,"Norfolk Island",norfolk-island,nf,426,NFK,,,2302,35,9,133,f,f,t,f,,NF,NFK,574,,,NF,nf,,"2017-12-28 04:32:15.106719","2017-12-28 04:32:18.873410"
248,"Pitcairn Islands",pitcairn-islands,pn,428,PCN,,,48,47,9,133,f,f,t,f,,PN,PCN,612,,,PC,pn,,"2017-12-28 04:32:15.118980","2017-12-28 04:32:18.908768"
249,"French Guiana",french-guiana,gf,430,GUF,Guyane,,236250,83534,2,114,f,f,t,f,,GF,GUF,254,GYF,,FG,gf,,"2017-12-28 04:32:15.130184","2017-12-28 04:32:18.643917"
250,"Falkland Islands",falkland-islands,fk,432,FLK,Malvinas,,2841,12173,2,133,f,f,t,f,,FK,FLK,238,,,FK,fk,,"2017-12-28 04:32:15.141779","2017-12-28 04:32:18.631157"
