id,key,title,synonyms,country_id,city_id,since,capacity,address,created_at,updated_at
1,stadedemarrakech,"Stade de Marrakech",,29,174,,45240,,"2017-12-28 04:32:19.740751","2017-12-28 04:32:19.745777"
2,stadeadrar,"Stade Adrar",,29,175,,45480,,"2017-12-28 04:32:19.747522","2017-12-28 04:32:19.752901"
3,ellisparkstadium,"Ellis Park Stadium",,34,176,,55686,,"2017-12-28 04:32:19.755293","2017-12-28 04:32:19.759535"
4,soccercity,"Soccer City",,34,176,,84490,,"2017-12-28 04:32:19.760998","2017-12-28 04:32:19.764285"
5,capetownstadium,"Cape Town Stadium",,34,177,,64100,,"2017-12-28 04:32:19.767644","2017-12-28 04:32:19.772175"
6,mosesmabhidastadium,"Moses Mabhida Stadium",,34,178,,62760,,"2017-12-28 04:32:19.773626","2017-12-28 04:32:19.778460"
7,loftusversfeldstadium,"Loftus Versfeld Stadium",,34,179,,42858,,"2017-12-28 04:32:19.780348","2017-12-28 04:32:19.785628"
8,nelsonmandelabaystadium,"Nelson Mandela Bay Stadium",,34,180,,42486,,"2017-12-28 04:32:19.787255","2017-12-28 04:32:19.791193"
9,petermokabastadium,"Peter Mokaba Stadium",,34,181,,41733,,"2017-12-28 04:32:19.792665","2017-12-28 04:32:19.796907"
10,mbombelastadium,"Mbombela Stadium",,34,182,,40929,,"2017-12-28 04:32:19.799412","2017-12-28 04:32:19.803465"
11,freestatestadium,"Free State Stadium",,34,183,,40911,,"2017-12-28 04:32:19.804896","2017-12-28 04:32:19.808989"
12,royalbafokengstadium,"Royal Bafokeng Stadium",,34,184,,38646,,"2017-12-28 04:32:19.810945","2017-12-28 04:32:19.817011"
13,happelstadion,Happel-Stadion,Ernst-Happel-Stadion|Praterstadion,107,91,1931,53295,,"2017-12-28 04:32:19.819585","2017-12-28 04:32:19.822580"
14,hanappistadion,Hanappi-Stadion,Gerhard-Hanappi-Stadion|Weststadion,107,91,1977,18456,,"2017-12-28 04:32:19.824075","2017-12-28 04:32:19.827223"
15,horrstadion,Horr-Stadion,"Franz-Horr-Stadion|$Generali$ Arena",107,91,1925,13135,,"2017-12-28 04:32:19.828788","2017-12-28 04:32:19.832975"
16,hohewarte,"Hohe Warte","Stadion Hohe Warte",107,91,,6000,,"2017-12-28 04:32:19.834518","2017-12-28 04:32:19.837548"
17,wienersportclubplatz,"Wiener Sportclub-Platz",,107,91,1904,8700,,"2017-12-28 04:32:19.839150","2017-12-28 04:32:19.842136"
18,simmeringerhad,"Simmeringer Had",,107,91,1920,5000,,"2017-12-28 04:32:19.844057","2017-12-28 04:32:19.848734"
19,upcarena,$UPC$-Arena,,107,185,1997,15323,,"2017-12-28 04:32:19.850454","2017-12-28 04:32:19.854437"
20,gruabn,Gruabn,,107,185,1919,10500,,"2017-12-28 04:32:19.856005","2017-12-28 04:32:19.858990"
21,franzfeketestadion,Franz-Fekete-Stadion,,107,186,1950,12000,,"2017-12-28 04:32:19.860555","2017-12-28 04:32:19.865975"
22,stadionhartberg,"Stadion Hartberg",,107,187,,6000,,"2017-12-28 04:32:19.867556","2017-12-28 04:32:19.871683"
23,linzerstadion,"Linzer Stadion","Stadion auf der Gugl",107,188,1952,20104,,"2017-12-28 04:32:19.873215","2017-12-28 04:32:19.877817"
24,keinesorgenarena,"$Keine Sorgen$ Arena",,107,189,2003,7334,,"2017-12-28 04:32:19.880603","2017-12-28 04:32:19.885307"
25,waldstadion,Waldstadion,$Commerzbank$-Arena,110,233,,48132,,"2017-12-28 04:32:19.886767","2017-12-28 04:32:20.188833"
26,vorwaertsstadion,"Vorwärts-Stadion",,107,191,,10000,,"2017-12-28 04:32:19.892180","2017-12-28 04:32:19.896233"
27,wienerneustaedterstadion,"Wiener Neustädter Stadion","Stadion Wiener Neustadt",107,192,1955,7036,,"2017-12-28 04:32:19.899094","2017-12-28 04:32:19.903329"
28,bundesstadionsuedstadt,"Bundesstadion Südstadt",,107,193,1967,12000,,"2017-12-28 04:32:19.905012","2017-12-28 04:32:19.909129"
29,nvarena,$NV$-Arena,"Niederösterreich-Arena",107,194,2012,8000,,"2017-12-28 04:32:19.911422","2017-12-28 04:32:19.917224"
30,voithplatz,Voithplatz,,107,194,,8000,,"2017-12-28 04:32:19.918693","2017-12-28 04:32:19.921764"
31,sportplatzhorn,"Sportplatz Horn",,107,195,,3000,,"2017-12-28 04:32:19.923174","2017-12-28 04:32:19.927403"
32,seppdollstadion,Sepp-Doll-Stadion,Kremserstadion,107,196,1923,10000,,"2017-12-28 04:32:19.928960","2017-12-28 04:32:19.934475"
33,pappelstadion,Pappelstadion,,107,197,1952,15700,,"2017-12-28 04:32:19.936160","2017-12-28 04:32:19.940338"
34,heidebodenstadion,Heidebodenstadion,,107,198,,5000,,"2017-12-28 04:32:19.941813","2017-12-28 04:32:19.949244"
35,woertherseestadion,"Wörtherseestadion",$Hypo$-Arena,107,199,2008,32000,,"2017-12-28 04:32:19.950906","2017-12-28 04:32:19.955058"
36,lavanttalarena,Lavanttal-Arena,,107,200,2003,7700,,"2017-12-28 04:32:19.956532","2017-12-28 04:32:19.961487"
37,goldeckstadion,Goldeckstadion,,107,201,,6500,,"2017-12-28 04:32:19.963210","2017-12-28 04:32:19.967342"
38,walssiezenheimstadion,Wals-Siezenheim-Stadion,"$Red Bull$ Arena",107,202,2003,31020,,"2017-12-28 04:32:19.968947","2017-12-28 04:32:19.973062"
39,untersbergarena,Untersberg-Arena,,107,203,1989,2955,,"2017-12-28 04:32:19.974648","2017-12-28 04:32:19.980056"
40,tivoli,Tivoli,"Tivoli-Neu Stadion",107,204,2000,17400,,"2017-12-28 04:32:19.982789","2017-12-28 04:32:19.986830"
41,kufsteinarena,"Kufstein Arena",Grenzlandstadion,107,205,1925,5000,,"2017-12-28 04:32:19.988345","2017-12-28 04:32:19.992451"
42,alpenstadion,Alpenstadion,,107,206,,5500,,"2017-12-28 04:32:19.994447","2017-12-28 04:32:19.998506"
43,schnabelholz,Schnabelholz,"$Cashpoint$ Arena",107,207,1990,8500,,"2017-12-28 04:32:20.000030","2017-12-28 04:32:20.004350"
44,reichshofstadion,Reichshofstadion,,107,208,1953,8800,,"2017-12-28 04:32:20.005826","2017-12-28 04:32:20.011178"
45,bodenseestadion,Bodenseestadion,$Casino$-Stadion,107,209,1951,12000,,"2017-12-28 04:32:20.013140","2017-12-28 04:32:20.019320"
46,stadionbirkenwiese,"Stadion Birkenwiese",,107,210,1935,12000,,"2017-12-28 04:32:20.020807","2017-12-28 04:32:20.024959"
47,stadedegeneve,"Stade de Genève",,137,211,,31228,,"2017-12-28 04:32:20.027662","2017-12-28 04:32:20.031979"
48,stjakobpark,"St. Jakob-Park",,137,212,,42000,,"2017-12-28 04:32:20.033484","2017-12-28 04:32:20.037513"
49,stadedesuisse,"Stade de Suisse",,137,213,,31907,,"2017-12-28 04:32:20.039073","2017-12-28 04:32:20.048621"
50,letzigrund,Letzigrund,,137,214,,30000,,"2017-12-28 04:32:20.050151","2017-12-28 04:32:20.054222"
51,olympiastadion,Olympiastadion,,110,,1936,74176,"Olympischer Platz 3 // 14053 Berlin","2017-12-28 04:32:20.056598","2017-12-28 04:32:20.056598"
52,altefoersterei,"Alte Försterei","Stadion An der Alten Försterei",110,,1920,21738,"An der Wuhlheide 263 // 12555 Berlin","2017-12-28 04:32:20.058163","2017-12-28 04:32:20.058163"
53,stadionderfreundschaft,"Stadion der Freundschaft",,110,,1930,22528,"Am Eliaspark 1 // 03042 Cottbus","2017-12-28 04:32:20.059725","2017-12-28 04:32:20.059725"
54,volksparkstadion,Volksparkstadion,"$Imtech$ Arena",110,,1953,51055,"Sylvesterallee 7 // 22525 Hamburg","2017-12-28 04:32:20.061817","2017-12-28 04:32:20.061817"
55,millerntorstadion,Millerntor-Stadion,,110,,,29633,"Auf dem Heiligengeistfeld // 20359 Hamburg","2017-12-28 04:32:20.063281","2017-12-28 04:32:20.063281"
56,weserstadion,Weserstadion,,110,,,42100,"Franz-Böhmert-Straße 7 // 28205 Bremen","2017-12-28 04:32:20.064668","2017-12-28 04:32:20.064668"
57,westfalenstadion,Westfalenstadion,"$Signal Iduna$ Park",110,215,,67000,,"2017-12-28 04:32:20.066014","2017-12-28 04:32:20.070028"
58,arenaaufschalke,"Arena Auf Schalke",$Veltins$-Arena,110,216,,53804,,"2017-12-28 04:32:20.071573","2017-12-28 04:32:20.076915"
59,muengersdorferstadion,"Müngersdorfer Stadion","$RheinEnergie$ Stadion",110,217,2004,46134,,"2017-12-28 04:32:20.078515","2017-12-28 04:32:20.083910"
60,stadionimborussiapark,"Stadion im Borussia-Park",,110,218,,54049,,"2017-12-28 04:32:20.085345","2017-12-28 04:32:20.089352"
61,ulrichhaberlandstadion,Ulrich-Haberland-Stadion,$Bay$Arena,110,219,1958,30210,,"2017-12-28 04:32:20.090956","2017-12-28 04:32:20.095760"
62,duesseldorfarena,"Düsseldorf Arena","$Esprit$ Arena",110,,2005,54600,"Arena-Straße 1 // 40474 Düsseldorf","2017-12-28 04:32:20.097323","2017-12-28 04:32:20.097323"
63,ruhrstadion,Ruhrstadion,$Rewirpower$-Stadion,110,220,1911,29299,,"2017-12-28 04:32:20.098774","2017-12-28 04:32:20.103236"
64,bielefelderalm,"Bielefelder Alm","Alm-Stadion|$Schüco$ Arena",110,221,1926,27300,,"2017-12-28 04:32:20.104753","2017-12-28 04:32:20.110151"
65,bentelerarena,$Benteler$-Arena,,110,222,2008,15000,,"2017-12-28 04:32:20.111793","2017-12-28 04:32:20.117194"
66,allianzarena,"$Allianz$ Arena",,110,,2005,66016,"Werner-Heisenberg-Allee 25 // 80939 München","2017-12-28 04:32:20.118699","2017-12-28 04:32:20.118699"
67,frankenstadion,Frankenstadion,$Grundig$-Stadion,110,,,41926,"Max-Morlock-Platz 1 // 90480 Nürnberg","2017-12-28 04:32:20.120300","2017-12-28 04:32:20.120300"
68,augsburgarena,"Augsburg Arena","$SGL$ Arena",110,223,2009,30660,,"2017-12-28 04:32:20.121756","2017-12-28 04:32:20.125823"
69,ronhof,Ronhof,"Sportpark Ronhof|$Trolli$ Arena",110,224,1910,18000,,"2017-12-28 04:32:20.127831","2017-12-28 04:32:20.132057"
70,audisportpark,$Audi$-Sportpark,,110,225,2010,15690,,"2017-12-28 04:32:20.133701","2017-12-28 04:32:20.137716"
71,gottliebdaimlerstadion,Gottlieb-Daimler-Stadion,"$Mercedes-Benz$ Arena",110,226,,54267,,"2017-12-28 04:32:20.139420","2017-12-28 04:32:20.144970"
72,rheinneckararena,Rhein-Neckar-Arena,"$Wirsol$ Rhein-Neckar-Arena",110,227,2009,30150,,"2017-12-28 04:32:20.146620","2017-12-28 04:32:20.151781"
73,dreisamstadion,Dreisamstadion,"$Mage Solar$ Stadion",110,228,1954,24000,,"2017-12-28 04:32:20.153266","2017-12-28 04:32:20.157308"
74,wildparkstadion,Wildparkstadion,,110,229,1955,29699,,"2017-12-28 04:32:20.158917","2017-12-28 04:32:20.163648"
75,staedtischeswaldstadionaalen,"Städtisches Waldstadion Aalen","$Scholz$ Arena",110,230,1949,13251,,"2017-12-28 04:32:20.165151","2017-12-28 04:32:20.169231"
76,hardtwaldstadion,Hardtwaldstadion,,110,231,1951,12100,,"2017-12-28 04:32:20.170674","2017-12-28 04:32:20.175930"
77,albstadion,Albstadion,$Voith$-Arena,110,232,,15000,,"2017-12-28 04:32:20.177610","2017-12-28 04:32:20.182888"
78,stadionambornheimerhang,"Stadion am Bornheimer Hang","$Frankfurter Volksbank$ Stadion",110,233,1931,12542,,"2017-12-28 04:32:20.190332","2017-12-28 04:32:20.193901"
79,jonathanheimesstadionamboellenfalltor,"Jonathan-Heimes-Stadion am Böllenfalltor",,110,234,,17468,,"2017-12-28 04:32:20.195583","2017-12-28 04:32:20.199634"
80,niedersachsenstadion,Niedersachsenstadion,$HDI$-Arena,110,235,,44652,,"2017-12-28 04:32:20.201075","2017-12-28 04:32:20.205996"
81,volkswagenarena,"$Volkswagen$ Arena",,110,236,2002,30000,,"2017-12-28 04:32:20.208131","2017-12-28 04:32:20.212146"
82,eintrachtstadion,Eintracht-Stadion,,110,237,1923,23325,,"2017-12-28 04:32:20.214467","2017-12-28 04:32:20.219149"
83,zentralstadion,Zentralstadion,"$Red Bull$ Arena",110,238,,44199,,"2017-12-28 04:32:20.220625","2017-12-28 04:32:20.224548"
84,dynamostadion,Dynamo-Stadion,"Rudolf-Harbig-Stadion|$Glücksgas$-Stadion",110,239,,32066,,"2017-12-28 04:32:20.226193","2017-12-28 04:32:20.230695"
85,erzgebirgsstadion,Erzgebirgsstadion,$Sparkassen$-Erzgebirgsstadion,110,240,,15711,,"2017-12-28 04:32:20.232217","2017-12-28 04:32:20.236588"
86,fritzwalterstadion,Fritz-Walter-Stadion,,110,241,,43450,,"2017-12-28 04:32:20.239037","2017-12-28 04:32:20.243292"
87,cofacearena,"$Coface$ Arena",,110,242,2011,33500,,"2017-12-28 04:32:20.244795","2017-12-28 04:32:20.250156"
88,wembley,Wembley,"Wembley Stadium",225,243,2007,90000,,"2017-12-28 04:32:20.252503","2017-12-28 04:32:20.256761"
89,ashburtongrove,"Ashburton Grove","$Emirates$ Stadium",225,243,2006,60361,,"2017-12-28 04:32:20.258232","2017-12-28 04:32:20.261838"
90,oldtrafford,"Old Trafford",,225,244,1910,76212,,"2017-12-28 04:32:20.263341","2017-12-28 04:32:20.268740"
91,stjamespark,"St. James' Park",,225,245,,1891,,"2017-12-28 04:32:20.270983","2017-12-28 04:32:20.275526"
92,estadiosantiagobernabeu,"Estadio Santiago Bernabéu",,112,96,1947,85454,,"2017-12-28 04:32:20.277904","2017-12-28 04:32:20.282444"
93,estadiovicentecalderon,"Estadio Vicente Calderón",,112,96,1966,55005,,"2017-12-28 04:32:20.284096","2017-12-28 04:32:20.287261"
94,campnou,"Camp Nou",,112,246,1957,96636,,"2017-12-28 04:32:20.288746","2017-12-28 04:32:20.292724"
95,estadiolimpiclluiscompanys,"Estadi Olímpic Lluís Companys",,112,246,1927,55121,,"2017-12-28 04:32:20.294836","2017-12-28 04:32:20.298010"
96,estadiobenitovillamarin,"Estadio Benito Villamarín",,112,247,1929,51309,,"2017-12-28 04:32:20.299523","2017-12-28 04:32:20.304762"
97,estadioolimpicodesevilla,"Estadio Olímpico de Sevilla",,112,247,1997,57619,,"2017-12-28 04:32:20.306408","2017-12-28 04:32:20.309444"
98,estadiomestalla,"Estadio Mestalla",,112,248,1923,52602,,"2017-12-28 04:32:20.310889","2017-12-28 04:32:20.316183"
99,stadedefrance,"Stade de France",,114,98,1998,81338,,"2017-12-28 04:32:20.318648","2017-12-28 04:32:20.322781"
100,parcdesprinces,"Parc des Princes",,114,98,1972,51000,,"2017-12-28 04:32:20.324299","2017-12-28 04:32:20.328905"
101,stadevelodrome,"Stade Vélodrome",,114,249,1937,60031,,"2017-12-28 04:32:20.330400","2017-12-28 04:32:20.335306"
102,stadedelyon,"Stade de Lyon","Stade des Lumières",114,250,2015,61556,,"2017-12-28 04:32:20.337400","2017-12-28 04:32:20.341492"
103,stadepierremauroy,"Stade Pierre-Mauroy",,114,251,2012,50100,,"2017-12-28 04:32:20.343215","2017-12-28 04:32:20.348495"
104,stadebollaertdelelis,"Stade Bollaert-Delelis","Stade Félix Bollaert-Delelis",114,252,1933,45000,,"2017-12-28 04:32:20.350179","2017-12-28 04:32:20.354592"
105,stadedebordeaux,"Stade de Bordeaux","Grand Stade de Bordeaux",114,253,2015,42000,,"2017-12-28 04:32:20.356208","2017-12-28 04:32:20.360717"
106,stadegeoffroyguichard,"Stade Geoffroy-Guichard",,114,254,1931,41000,,"2017-12-28 04:32:20.362443","2017-12-28 04:32:20.367171"
107,stadiummunicipal,"Stadium Municipal",,114,255,1937,41000,,"2017-12-28 04:32:20.369184","2017-12-28 04:32:20.373539"
108,stadedenice,"Stade de Nice","$Allianz$ Riviera",114,256,2013,35624,,"2017-12-28 04:32:20.375029","2017-12-28 04:32:20.379230"
109,stadioolimpicodiroma,"Stadio Olimpico di Roma",,117,257,1927,72698,,"2017-12-28 04:32:20.382625","2017-12-28 04:32:20.386878"
110,stadiosannicola,"Stadio San Nicola",,117,258,1990,58248,,"2017-12-28 04:32:20.388411","2017-12-28 04:32:20.392597"
111,stadiogiuseppemeazza,"Stadio Giuseppe Meazza","San Siro",117,259,1926,80074,,"2017-12-28 04:32:20.394679","2017-12-28 04:32:20.399689"
112,stadiosanpaolo,"Stadio San Paolo",,117,260,1959,60240,,"2017-12-28 04:32:20.401769","2017-12-28 04:32:20.405903"
113,amsterdamarena,"Amsterdam ArenA",,120,261,1996,51628,,"2017-12-28 04:32:20.411136","2017-12-28 04:32:20.416671"
114,stadionfeijenoord,"Stadion Feijenoord","De Kuip",120,262,1937,51137,,"2017-12-28 04:32:20.418373","2017-12-28 04:32:20.422449"
115,nationalstadiumwarszawa,"National Stadium Warszawa",,128,263,,56070,,"2017-12-28 04:32:20.424712","2017-12-28 04:32:20.429502"
116,pgearena,"PGE Arena",,128,264,,39150,,"2017-12-28 04:32:20.431221","2017-12-28 04:32:20.436275"
117,municipalstadiumwroclaw,"Municipal Stadium Wrocław",,128,265,,40000,,"2017-12-28 04:32:20.437791","2017-12-28 04:32:20.441993"
118,"municipalstadiumpoznań","Municipal Stadium Poznań",,128,266,,39550,,"2017-12-28 04:32:20.443726","2017-12-28 04:32:20.449283"
119,estadiodaluz,"Estádio da Luz",,121,267,2003,65647,,"2017-12-28 04:32:20.451837","2017-12-28 04:32:20.455791"
120,estadiojosealvaladexxi,"Estádio José Alvalade XXI",,121,267,2003,50466,,"2017-12-28 04:32:20.457243","2017-12-28 04:32:20.460894"
121,estadiododragao,"Estádio do Dragão",,121,268,2003,50476,,"2017-12-28 04:32:20.462524","2017-12-28 04:32:20.467995"
122,olympicstadiumkiev,"Olympic Stadium Kiev",,142,269,,70050,,"2017-12-28 04:32:20.470489","2017-12-28 04:32:20.474482"
123,donbassarena,"Donbass Arena",,142,270,,51500,,"2017-12-28 04:32:20.475976","2017-12-28 04:32:20.480350"
124,metaliststadium,"Metalist Stadium",,142,271,,37750,,"2017-12-28 04:32:20.482704","2017-12-28 04:32:20.486688"
125,arenalviv,"Arena Lviv",,142,272,,32990,,"2017-12-28 04:32:20.488094","2017-12-28 04:32:20.492409"
126,saputostadium,"$Saputo$ Stadium",,170,273,2008,20341,,"2017-12-28 04:32:20.495269","2017-12-28 04:32:20.501316"
127,azteca,"Estadio Azteca",Azteca,172,,1966,105084,"Calzada de Tlalpan 3465 // México, D.F.","2017-12-28 04:32:20.503849","2017-12-28 04:32:20.503849"
128,azul,"Estadio Azul",Azul,172,,1946,40000,"Indiana 260, Col. Nápoles // México | D. F.","2017-12-28 04:32:20.505376","2017-12-28 04:32:20.505376"
129,olimpicouniversitario,"Estadio Olímpico Universitario","Olímpico Universitario",172,,1952,70500,"Av. Insurgents Sur s/n, Ciudad Universitaria, Coyoacán // México, D.F. C.P. 08400","2017-12-28 04:32:20.506934","2017-12-28 04:32:20.506934"
130,nemesiodiez,"Estadio Nemesio Díez","Nemesio Díez",172,,1954,27000,"Constituyentes No. 1000, Col. La Merced // Toluca, Estado de México","2017-12-28 04:32:20.508477","2017-12-28 04:32:20.508477"
131,jalisco,"Estadio Jalisco",Jalisco,172,,1960,56713,"Calle Siete Colinas 1772, Col. Independencia // Guadalajara, Jalisco","2017-12-28 04:32:20.510280","2017-12-28 04:32:20.510280"
132,guadalajara,"Estadio Guadalajara","Estadio $Omnilife$|$Omnilife$",172,,2010,49850,"Av. Vallarta y Anillo Periférico, Zona Metropolitana de Guadalajara // Zapopan (Guadalajara), Jalisco","2017-12-28 04:32:20.511815","2017-12-28 04:32:20.511815"
133,tecnologico,"Estadio Tecnológico","Tecnológico",172,,1950,36485,"Av. Junco de la Vega s/n Col. Estadio // Monterrey, Nuevo León","2017-12-28 04:32:20.513948","2017-12-28 04:32:20.513948"
134,universitario,"Estadio Universitario",Universitario,172,,1967,42000,"Av. Universidad s/n, San Nicolás de los Garza // Monterrey | Nuevo León","2017-12-28 04:32:20.516282","2017-12-28 04:32:20.516282"
135,morelos,"Estadio Morelos",Morelos,172,,1989,38869,"Libramiento Norte s/n, Col. Leandro Valle // Morelia, Michoacán","2017-12-28 04:32:20.518496","2017-12-28 04:32:20.518496"
136,hidalgo,"Estadio Hidalgo",Hidalgo,172,,1993,30000,"Blvd Felipe Ángeles s/n, Col. Santa Julia // Pachuca | Hidalgo","2017-12-28 04:32:20.520149","2017-12-28 04:32:20.520149"
137,cuauhtemoc,"Estadio Cuauhtémoc","Cuauhtémoc",172,,1968,46648,"Calz. Ignacio Zaragoza s/n, Col. Unidad Deportiva Puebla // Puebla, Puebla","2017-12-28 04:32:20.521669","2017-12-28 04:32:20.521669"
138,corregidora,"Estadio La Corregidora","La Corregidora|Corregidora",172,,1985,34130,"Av. de las Torres s/n, Col. Colinas del Cimatario // Querétaro, Querétaro","2017-12-28 04:32:20.523160","2017-12-28 04:32:20.523160"
139,luispiratafuente,"Estadio Luis ""Pirata"" Fuente","Luis ""Pirata"" Fuente",172,,1968,30000,"Av. Paseos Jacarandas y Paseo Jardín Fraccionamiento Virginia Boca del Río // Veracruz, Veracruz","2017-12-28 04:32:20.524687","2017-12-28 04:32:20.524687"
140,moctezuma,"Estadio Moctezuma","Estadio $Corona$",172,,2009,30000,"Calz. Territorio Santos Modelo No. 1, Col. Conjunto de Todos los Santos // Torreón, Coahuila","2017-12-28 04:32:20.526164","2017-12-28 04:32:20.526164"
141,leon,"Estadio León","León|Estadio Nou Camp",172,,1967,33943,"Boulevard Adolfo López Mateos 1810, Col. La Martinica // León, Guanajuato","2017-12-28 04:32:20.528241","2017-12-28 04:32:20.528241"
142,caliente,"Estadio Caliente",Caliente,172,,2007,24000,"Boulevard Agua Caliente 12027, Col. Hipódromo // Tijuana, Baja California","2017-12-28 04:32:20.530860","2017-12-28 04:32:20.530860"
143,andresquintanaroo,"Estadio Olímpico Andrés Quintana Roo","Olímpico Andrés Quintana Roo",172,,2007,18500,"Av. Mayapan, Kabah y Av. La Luna s/n, Colonia Centro // Cancún, Quintana Roo","2017-12-28 04:32:20.532584","2017-12-28 04:32:20.532584"
144,victormanuelreyna,"Estadio Zoque Víctor Manuel Reyna","Víctor Manuel Reyna",172,,1982,31500,"Calz. de las Etnias s/n, esq. Blvd Fidel Velázquez, Col. Infonavit el Grijalva // Tuxtla Gutiérrez, Chiapas","2017-12-28 04:32:20.534096","2017-12-28 04:32:20.534096"
145,rosebowl,"Rose Bowl",,171,274,,92542,,"2017-12-28 04:32:20.536467","2017-12-28 04:32:20.540654"
146,stubhubcenter,"$StubHub$ Center",,171,275,2003,27000,,"2017-12-28 04:32:20.542215","2017-12-28 04:32:20.546205"
147,centurylinkfield,"$CenturyLink$ Field",,171,276,,67000,,"2017-12-28 04:32:20.548829","2017-12-28 04:32:20.553078"
148,sportsauthorityfield,"$Sports Authority$ Field",,171,277,,76125,,"2017-12-28 04:32:20.554598","2017-12-28 04:32:20.558586"
149,dickssportinggoodspark,"$Dick's Sporting Goods$ Park",,171,278,2007,18086,,"2017-12-28 04:32:20.560484","2017-12-28 04:32:20.566173"
150,redbullarena,"$Red Bull$ Arena",,171,279,2010,25189,,"2017-12-28 04:32:20.567705","2017-12-28 04:32:20.571812"
151,pplpark,"$PPL$ Park",,171,,2010,18500,"Chester // Pennsylvania","2017-12-28 04:32:20.573330","2017-12-28 04:32:20.573330"
152,georgiadome,"Georgia Dome",,171,,1992,71228,"1 Georgia Dome Drive Northwest // Atlanta | GA 30313-1591","2017-12-28 04:32:20.574841","2017-12-28 04:32:20.574841"
153,mtbankstadium,"$M&T Bank$ Stadium",,171,280,,71008,,"2017-12-28 04:32:20.576408","2017-12-28 04:32:20.580529"
154,rfkmemorialstadium,"RFK Memorial Stadium",,171,,1961,19467,"Washington // DC","2017-12-28 04:32:20.583082","2017-12-28 04:32:20.583082"
155,soldierfield,"Soldier Field",,171,,1924,61500,"1410 S Museum Campus Drive // Chicago | IL 60605","2017-12-28 04:32:20.584651","2017-12-28 04:32:20.584651"
156,toyotapark,"$Toyota$ Park",,171,,2006,20000,"Bridgeview // Illinois","2017-12-28 04:32:20.586100","2017-12-28 04:32:20.586100"
157,crewstadium,"Crew Stadium","Columbus Crew Stadium",171,,1999,20145,"1 Black and Gold Boulevard // Columbus | OH 43211-2091","2017-12-28 04:32:20.587571","2017-12-28 04:32:20.587571"
158,sunlifestadium,"$Sun Life$ Stadium",,171,281,,74918,,"2017-12-28 04:32:20.589001","2017-12-28 04:32:20.593195"
159,bbvacompassstadium,"$BBVA Compass$ Stadium",,171,,2012,22000,"2200 Texas Avenue // Houston | TX 77003","2017-12-28 04:32:20.595704","2017-12-28 04:32:20.595704"
160,cowboysstadium,"Cowboys Stadium","$AT&T$ Stadium",171,,2009,80000,"One Legends Way // Arlington | TX 76011","2017-12-28 04:32:20.598953","2017-12-28 04:32:20.598953"
161,toyotastadium,"$Toyota$ Stadium",,171,,2005,21193,"9200 World Cup Way // Ste 202 // Frisco | TX 75034-4958","2017-12-28 04:32:20.600525","2017-12-28 04:32:20.600525"
162,civicstadium,"Civic Stadium","Multnomah Field|Multnomah Stadium|$Jeld-Wen$ Field",171,,1926,20323,"1844 SW Morrison // Portland | OR 97205","2017-12-28 04:32:20.602006","2017-12-28 04:32:20.602006"
163,riotintostadium,"$Rio Tinto$ Stadium",,171,282,,20213,,"2017-12-28 04:32:20.603635","2017-12-28 04:32:20.607614"
164,rentschlerfield,"Rentschler Field",,171,,2003,40000,"615 Silver Lane // East Hartford | CT 06118","2017-12-28 04:32:20.609077","2017-12-28 04:32:20.609077"
165,gillettestadium,"$Gillette$ Stadium",,171,,2002,22385,"Foxborough // Massachusetts","2017-12-28 04:32:20.611061","2017-12-28 04:32:20.611061"
166,estadiojoseamalfitani,"Estadio José Amalfitani",,187,136,,49540,,"2017-12-28 04:32:20.613543","2017-12-28 04:32:20.616639"
167,estadionuevogasometro,"Estadio Nuevo Gasómetro",,187,136,,43995,,"2017-12-28 04:32:20.618154","2017-12-28 04:32:20.621267"
168,estadiociudaddelanus,"Estadio Ciudad de Lanús","Néstor Díaz Pérez",187,283,,47027,,"2017-12-28 04:32:20.622844","2017-12-28 04:32:20.626998"
169,estadiomarcelobielsa,"Estadio Marcelo Bielsa",,187,284,,42000,,"2017-12-28 04:32:20.629177","2017-12-28 04:32:20.634968"
170,estadiojuliohumbertogrondona,"Estadio Julio Humberto Grondona",,187,285,,16300,,"2017-12-28 04:32:20.636481","2017-12-28 04:32:20.640420"
171,estadiohernandosiles,"Estadio Hernando Siles",,188,137,,45000,,"2017-12-28 04:32:20.642955","2017-12-28 04:32:20.646600"
172,maracana,"Maracanã","Estádio do Maracanã",189,286,,76935,,"2017-12-28 04:32:20.648986","2017-12-28 04:32:20.653237"
173,nacionaldebrasilia,"Nacional de Brasília","Estádio Nacional (Mané Garrincha)|Mané Garrincha",189,138,,70042,,"2017-12-28 04:32:20.654791","2017-12-28 04:32:20.657802"
174,corinthians,Corinthians,"Arena Corinthians|Arena de São Paulo",189,287,,68000,,"2017-12-28 04:32:20.659307","2017-12-28 04:32:20.666000"
175,castelao,"Castelão","Estádio Castelão",189,288,,64846,,"2017-12-28 04:32:20.667591","2017-12-28 04:32:20.671777"
176,mineirao,"Mineirão","Estádio Mineirão",189,289,,62547,,"2017-12-28 04:32:20.673294","2017-12-28 04:32:20.678028"
177,estadioindependencia,"Estadio Independência",,189,289,,23018,,"2017-12-28 04:32:20.680853","2017-12-28 04:32:20.684243"
178,fontenova,"Fonte Nova","Arena Fonte Nova",189,290,,56000,,"2017-12-28 04:32:20.685817","2017-12-28 04:32:20.689882"
179,pantanal,Pantanal,"Arena Pantanal",189,291,,42968,,"2017-12-28 04:32:20.691432","2017-12-28 04:32:20.698206"
180,amazonia,"Amazônia","Arena Amazônia",189,292,,42374,,"2017-12-28 04:32:20.700117","2017-12-28 04:32:20.704178"
181,dasdunas,"Das Dunas","Arena das Dunas",189,293,,42086,,"2017-12-28 04:32:20.705693","2017-12-28 04:32:20.710264"
182,beirario,Beira-Rio,"Estádio Beira-Rio",189,294,,51300,,"2017-12-28 04:32:20.712036","2017-12-28 04:32:20.716139"
183,arenadogremio,"Arena do Grêmio",,189,294,,60540,,"2017-12-28 04:32:20.717641","2017-12-28 04:32:20.721382"
184,pernambuco,Pernambuco,"Arena Pernambuco",189,295,,46154,,"2017-12-28 04:32:20.723133","2017-12-28 04:32:20.728409"
185,dabaixada,"Da Baixada","Arena da Baixada",189,296,,43981,,"2017-12-28 04:32:20.730235","2017-12-28 04:32:20.735453"
186,estadiodurivaldebrittoesilva,"Estadio Durival de Britto e Silva",,189,296,,20083,,"2017-12-28 04:32:20.736949","2017-12-28 04:32:20.740136"
187,estadiosantalaura,"Estadio Santa Laura",,190,297,,19000,,"2017-12-28 04:32:20.742496","2017-12-28 04:32:20.747372"
188,estadiomonumental,"Estadio Monumental",,193,142,,80093,,"2017-12-28 04:32:20.748883","2017-12-28 04:32:20.800333"
189,estadionacionaldechile,"Estadio Nacional de Chile",,190,297,,48665,,"2017-12-28 04:32:20.753492","2017-12-28 04:32:20.756530"
190,estadioolimpicopascualguerrero,"Estadio Olímpico Pascual Guerrero",,191,298,,33130,,"2017-12-28 04:32:20.759548","2017-12-28 04:32:20.765608"
191,estadionemesiocamachoelcampin,"Estadio Nemesio Camacho El Campín",,191,140,,40000,,"2017-12-28 04:32:20.767850","2017-12-28 04:32:20.774039"
192,estadioatanasiogirardot,"Estadio Atanasio Girardot",,191,299,,45943,,"2017-12-28 04:32:20.775496","2017-12-28 04:32:20.779960"
193,estadioruminahui,"Estadio Rumiñahui",,192,300,,7500,,"2017-12-28 04:32:20.782264","2017-12-28 04:32:20.786482"
194,estadiogeorgecapwell,"Estadio George Capwell",,192,301,,24019,,"2017-12-28 04:32:20.787977","2017-12-28 04:32:20.793327"
195,estadiohuancayo,"Estadio Huancayo",,193,302,,20000,,"2017-12-28 04:32:20.801765","2017-12-28 04:32:20.805745"
196,estadiogeneralpablorojas,"Estadio General Pablo Rojas",,194,143,,32910,,"2017-12-28 04:32:20.808096","2017-12-28 04:32:20.811781"
197,estadioarsenioerico,"Estadio Arsenio Erico",,194,143,,5000,,"2017-12-28 04:32:20.813332","2017-12-28 04:32:20.816376"
198,estadioluisfranzini,"Estadio Luis Franzini",,195,144,,16000,,"2017-12-28 04:32:20.818828","2017-12-28 04:32:20.821966"
199,estadiogranparquecentral,"Estadio Gran Parque Central",,195,144,,26500,,"2017-12-28 04:32:20.823606","2017-12-28 04:32:20.827810"
200,estadiocentenario,"Estadio Centenario",,195,144,,65235,,"2017-12-28 04:32:20.829278","2017-12-28 04:32:20.833483"
201,estadioagustintovar,"Estadio Agustín Tovar",,196,303,,29800,,"2017-12-28 04:32:20.835852","2017-12-28 04:32:20.840060"
202,estadiojoseantonioanzoategui,"Estadio José Antonio Anzoátegui",,196,304,,40000,,"2017-12-28 04:32:20.841501","2017-12-28 04:32:20.846104"
